case,route,scope,level,phase,blocks,median_seconds,q1_seconds,q3_seconds
certificate/exhaustive,integrated,cold,nested/H0,barcode_transport_certificates,10,0.011279299997113412,0.010992299997269583,0.011416125003961497
certificate/exhaustive,integrated,cold,nested/H0,class_tracking,10,0.10026205000031041,0.09876822500154958,0.10194987500017305
certificate/exhaustive,integrated,cold,nested/H0,family_validation,10,0.0021236500069790054,0.002062824995846313,0.002182675000767631
certificate/exhaustive,integrated,cold,nested/H0,geometry_first_including_preparation,10,0.010636850001901621,0.010377875002632209,0.011153750001540175
certificate/exhaustive,integrated,cold,nested/H0,geometry_second,10,0.012735999996948522,0.012066249997587875,0.013564799999585375
certificate/exhaustive,integrated,cold,nested/H0,input_conversion,10,0.0007656500019947998,0.0007384749997072504,0.0007831500006432179
certificate/exhaustive,integrated,cold,nested/H0,operator_mandatory_validation,10,0.0209965000012744,0.020431100007954228,0.02123622500585043
certificate/exhaustive,integrated,cold,nested/H0,restore_geometry_audit,10,0.012510450003901497,0.012153624999882595,0.012766349997036741
certificate/exhaustive,integrated,cold,nested/H0,restore_mandatory_validation,10,0.4231144999994285,0.41428300000006857,0.43792260000009264
certificate/exhaustive,integrated,cold,nested/H0,semantic_digest,10,0.002467099997375044,0.002336299996386515,0.0026405250073366915
certificate/exhaustive,integrated,cold,nested/H0,snapshot_serialization_mandatory_validation,10,0.36088625000047614,0.3464727499986111,0.36767472499923315
certificate/exhaustive,integrated,cold,nested/H0,solve_dispatch_mandatory_validation,10,0.04454689999693073,0.04410202500093874,0.04625059999852965
certificate/exhaustive,integrated,cold,nested/H0,streamed_full_chain_restore_audit,10,0.0007162000001699198,0.0006831249984315946,0.0007448500000464264
certificate/exhaustive,integrated,cold,nested/H0,topology,10,0.0002808499957609456,0.0002712499981498695,0.00029942499168100767
certificate/exhaustive,integrated,cold,nested/H1,barcode_transport_certificates,10,0.00817800000004354,0.007769699999698787,0.008730075002858939
certificate/exhaustive,integrated,cold,nested/H1,class_tracking,10,0.09535625000171422,0.09415585000078863,0.10066702499625535
certificate/exhaustive,integrated,cold,nested/H1,family_validation,10,0.002089699997668504,0.0019576999966375297,0.0023522749961557565
certificate/exhaustive,integrated,cold,nested/H1,geometry_first_including_preparation,10,0.009746050000103423,0.009032600003592961,0.010131174998605275
certificate/exhaustive,integrated,cold,nested/H1,geometry_second,10,0.011282249999567284,0.010302424995643378,0.01202465000187658
certificate/exhaustive,integrated,cold,nested/H1,input_conversion,10,0.0008699999998498242,0.0008451249968857155,0.0009332250019724597
certificate/exhaustive,integrated,cold,nested/H1,operator_mandatory_validation,10,0.013798150002912735,0.01294789999974455,0.015515200000663754
certificate/exhaustive,integrated,cold,nested/H1,restore_geometry_audit,10,0.01087665000159177,0.010531899996749416,0.01150037499883183
certificate/exhaustive,integrated,cold,nested/H1,restore_mandatory_validation,10,0.281650200002332,0.2734251249994486,0.2843190249959662
certificate/exhaustive,integrated,cold,nested/H1,semantic_digest,10,0.0020186999972793274,0.001961549998668488,0.00212477500190289
certificate/exhaustive,integrated,cold,nested/H1,snapshot_serialization_mandatory_validation,10,0.2375474000000395,0.22880990000430756,0.23955347500123025
certificate/exhaustive,integrated,cold,nested/H1,solve_dispatch_mandatory_validation,10,0.0272014499969373,0.026960799998960283,0.028615049999643816
certificate/exhaustive,integrated,cold,nested/H1,streamed_full_chain_restore_audit,10,0.00047805000031075906,0.00046452500100713223,0.0005007750041841064
certificate/exhaustive,integrated,cold,nested/H1,topology,10,0.00024929999926825985,0.00022462500510300742,0.0002637999978105654
certificate/exhaustive,integrated,cold,outer,all_requested_topology_readout,10,0.0021091000016895123,0.0019475500012049451,0.002231024997854547
certificate/exhaustive,integrated,cold,outer,frontend_manifest_validation,10,0.0005533500007004477,0.0005290499984766939,0.0006087750016376958
certificate/exhaustive,integrated,cold,outer,full_topology_additional_validated_construction,10,0.10569934999693942,0.10485072499523085,0.10691830000268965
certificate/exhaustive,integrated,cold,outer,joint_complete_pipeline_with_disjoint_nested_phase_records,10,1.7282653999991453,1.6712805250008387,1.7626484499978687
certificate/exhaustive,integrated,cold,outer,output_normalization_hash,10,0.00032294999982696027,0.00029607499800476944,0.0003399500010345946
certificate/exhaustive,integrated,cold,process,end_to_end_seconds,10,2.0060909499989066,1.960489074997895,2.071069150000767
certificate/exhaustive,integrated,cold,process,initialization_seconds,10,0.0209055499999522,0.019516499998644576,0.022151574999043078
certificate/exhaustive,integrated,cold,process,unallocated_seconds,10,0.15441104999808886,0.14622365000377613,0.16595262499959063
certificate/exhaustive,integrated,warm,outer,conversion_solve_independent_validation_operator_family,10,0.024862900001608068,0.023636800000531366,0.02546539999821107
certificate/exhaustive,integrated,warm,outer,frontend_manifest_validation,10,0.000162050000653835,0.0001537749994895421,0.0001755499988576048
certificate/exhaustive,integrated,warm,outer,output_normalization_hash,10,7.234999975480605e-05,6.914999903528951e-05,7.487499897251837e-05
certificate/exhaustive,integrated,warm,outer,topology_readout,10,0.0004468500010261778,0.0004284750002625515,0.0004609500001606648
certificate/exhaustive,integrated,warm,outer,warm_existing_objects_batches_including_first_workspace_preparation,10,0.21734504999949422,0.21355695000056585,0.22885074999885546
certificate/exhaustive,integrated,warm,process,end_to_end_seconds,10,0.39355539999996836,0.3855268999996042,0.42164935000164405
certificate/exhaustive,integrated,warm,process,initialization_seconds,10,0.018813299999237643,0.01802155000223138,0.020255825001186167
certificate/exhaustive,reference,cold,nested/H0,barcode_transport_certificates,10,0.011600949999774457,0.010760475001006853,0.012013349999506318
certificate/exhaustive,reference,cold,nested/H0,class_tracking,10,0.09736274999886518,0.09626982499958103,0.10179024999706598
certificate/exhaustive,reference,cold,nested/H0,family_validation,10,0.0020227999993949197,0.001985300002161239,0.002123649998793553
certificate/exhaustive,reference,cold,nested/H0,geometry_first_including_preparation,10,0.006249700001717429,0.005798149999463931,0.006561775000591297
certificate/exhaustive,reference,cold,nested/H0,geometry_second,10,0.00850460000037856,0.008063249998485844,0.008992225002657506
certificate/exhaustive,reference,cold,nested/H0,input_conversion,10,0.0007717499993304955,0.0006917249966136296,0.0008307999987664516
certificate/exhaustive,reference,cold,nested/H0,operator_mandatory_validation,10,0.019135150003421586,0.017650550003963872,0.020452599995223864
certificate/exhaustive,reference,cold,nested/H0,restore_geometry_audit,10,0.009038750000399887,0.008594124995397578,0.009516300004179357
certificate/exhaustive,reference,cold,nested/H0,restore_mandatory_validation,10,0.4176032999985182,0.40719364999768004,0.43336362500213
certificate/exhaustive,reference,cold,nested/H0,semantic_digest,10,0.0024348000006284565,0.0023296249983104644,0.0025615250024202396
certificate/exhaustive,reference,cold,nested/H0,snapshot_serialization_mandatory_validation,10,0.3543530000024475,0.3364025249984479,0.35927620000074967
certificate/exhaustive,reference,cold,nested/H0,solve_dispatch_mandatory_validation,10,0.03965085000163526,0.038161699996635434,0.040790674995150766
certificate/exhaustive,reference,cold,nested/H0,streamed_full_chain_restore_audit,10,0.0006746999988536118,0.0006694249987049261,0.0007304000009753508
certificate/exhaustive,reference,cold,nested/H0,topology,10,0.0002694999966479372,0.00025032499434018973,0.00028670000119745964
certificate/exhaustive,reference,cold,nested/H1,barcode_transport_certificates,10,0.007913050001661759,0.0073917250001613866,0.008385899995118962
certificate/exhaustive,reference,cold,nested/H1,class_tracking,10,0.09620145000008051,0.09156569999959174,0.09993197499989037
certificate/exhaustive,reference,cold,nested/H1,family_validation,10,0.0021769499999209074,0.001904024999930698,0.002225274996817461
certificate/exhaustive,reference,cold,nested/H1,geometry_first_including_preparation,10,0.00675865000084741,0.0065564750038902275,0.007293149999895832
certificate/exhaustive,reference,cold,nested/H1,geometry_second,10,0.009251800000129151,0.008879350001734565,0.010014874996159051
certificate/exhaustive,reference,cold,nested/H1,input_conversion,10,0.0008519000002706889,0.0007987999979377491,0.0009085499978027656
certificate/exhaustive,reference,cold,nested/H1,operator_mandatory_validation,10,0.012995549997867784,0.011344599995027238,0.013638725001328567
certificate/exhaustive,reference,cold,nested/H1,restore_geometry_audit,10,0.009279599998990307,0.009120749999965483,0.010241425003187032
certificate/exhaustive,reference,cold,nested/H1,restore_mandatory_validation,10,0.27393025000128546,0.26014649999979156,0.2809865000008358
certificate/exhaustive,reference,cold,nested/H1,semantic_digest,10,0.0020999500029574847,0.002003724996939127,0.002426949994514871
certificate/exhaustive,reference,cold,nested/H1,snapshot_serialization_mandatory_validation,10,0.23574645000189776,0.2226992000005339,0.24121692499920755
certificate/exhaustive,reference,cold,nested/H1,solve_dispatch_mandatory_validation,10,0.024783700000625686,0.023526975004642736,0.026197324999884586
certificate/exhaustive,reference,cold,nested/H1,streamed_full_chain_restore_audit,10,0.0005082999978185399,0.00047419999918929534,0.0005917999942539609
certificate/exhaustive,reference,cold,nested/H1,topology,10,0.00023335000150837004,0.00020097500146221137,0.00023857499945734162
certificate/exhaustive,reference,cold,outer,all_requested_topology_readout,10,0.0020881000000372296,0.0018892250027420232,0.0022332250027830014
certificate/exhaustive,reference,cold,outer,frontend_manifest_validation,10,0.0005460000029415824,0.0005138750020705629,0.0005827499999213615
certificate/exhaustive,reference,cold,outer,full_topology_additional_validated_construction,10,0.10090915000000678,0.09872929999892222,0.10549129999526485
certificate/exhaustive,reference,cold,outer,joint_complete_pipeline_with_disjoint_nested_phase_records,10,1.672755049999978,1.5896259250012008,1.6978109750043586
certificate/exhaustive,reference,cold,outer,output_normalization_hash,10,0.0003050499981327448,0.0002857000008589239,0.00034152500029449584
certificate/exhaustive,reference,cold,process,end_to_end_seconds,10,1.9505781999996543,1.858064199999717,1.9856541499984814
certificate/exhaustive,reference,cold,process,initialization_seconds,10,0.020204950000334065,0.019027374999495805,0.021243824999146455
certificate/exhaustive,reference,cold,process,unallocated_seconds,10,0.149567799999204,0.14349432499875547,0.1566339250011879
certificate/exhaustive,reference,warm,outer,conversion_solve_independent_validation_operator_family,10,0.022150950000650482,0.019810249998045038,0.023452224997527082
certificate/exhaustive,reference,warm,outer,frontend_manifest_validation,10,0.0001676499996392522,0.00015890000031504314,0.00017822500103648053
certificate/exhaustive,reference,warm,outer,output_normalization_hash,10,7.74000000092201e-05,7.49000000723754e-05,7.985000229382422e-05
certificate/exhaustive,reference,warm,outer,topology_readout,10,0.00043000000005122274,0.0004079249993083067,0.0004592500008584466
certificate/exhaustive,reference,warm,outer,warm_existing_objects_batches_including_first_workspace_preparation,10,0.20596485000169196,0.2035286249983983,0.20872309999958816
certificate/exhaustive,reference,warm,process,end_to_end_seconds,10,0.3895193999996991,0.37603424999997515,0.398427525000443
certificate/exhaustive,reference,warm,process,initialization_seconds,10,0.019112149999273242,0.017913874999067048,0.02041310000277008
high_beta/K4_4/Topology,gudhi,cold,outer,explicit_frontend_ph_and_input_audit,10,0.06710689999999886,0.06553692500074249,0.07705472500219912
high_beta/K4_4/Topology,gudhi,cold,outer,frontend_manifest_validation,10,0.0007430499990732642,0.0006706250023853499,0.0008685499969942612
high_beta/K4_4/Topology,gudhi,cold,outer,output_normalization_hash,10,5.680000322172418e-05,5.527500070456881e-05,6.89999951646314e-05
high_beta/K4_4/Topology,gudhi,cold,outer,topology_readout,10,1.1299996913294308e-05,1.0525002835493069e-05,1.2849998711317312e-05
high_beta/K4_4/Topology,gudhi,cold,process,end_to_end_seconds,10,0.21451840000008815,0.20624004999899626,0.24325744999987364
high_beta/K4_4/Topology,gudhi,cold,process,initialization_seconds,10,0.004671549999329727,0.004092050000508607,0.005406499998571235
high_beta/K4_4/Topology,gudhi,cold,process,unallocated_seconds,10,0.14160514999821316,0.13546769999993558,0.15958332500667893
high_beta/K4_4/Topology,gudhi,warm,outer,explicit_frontend_ph_and_input_audit,10,0.0698174499993911,0.06299800000033429,0.07224207499984914
high_beta/K4_4/Topology,gudhi,warm,outer,frontend_manifest_validation,10,0.00023705000057816505,0.0002294750020155334,0.0002454999985275208
high_beta/K4_4/Topology,gudhi,warm,outer,output_normalization_hash,10,9.549999958835542e-06,8.300000445160549e-06,1.0324999493604992e-05
high_beta/K4_4/Topology,gudhi,warm,outer,topology_readout,10,7.700000060140155e-05,7.335000191233121e-05,8.70750000103726e-05
high_beta/K4_4/Topology,gudhi,warm,outer,warm_existing_objects_batches_including_first_workspace_preparation,10,0.0003194500004610745,0.0002812000002450077,0.00035312499767314875
high_beta/K4_4/Topology,gudhi,warm,process,end_to_end_seconds,10,0.21954039999945962,0.20413394999923185,0.22488064999924973
high_beta/K4_4/Topology,gudhi,warm,process,initialization_seconds,10,0.004206649999105139,0.004112299999178504,0.004887049998615112
high_beta/K4_4/Topology,integrated,cold,outer,conversion_solve_independent_validation_operator_family,10,0.10890745000506286,0.10234694999780913,0.11144812499787804
high_beta/K4_4/Topology,integrated,cold,outer,frontend_manifest_validation,10,0.0008745499962969916,0.0008517999995092396,0.0009171500041702529
high_beta/K4_4/Topology,integrated,cold,outer,output_normalization_hash,10,0.0003261499987274874,0.0003128499984086375,0.0003951999970013276
high_beta/K4_4/Topology,integrated,cold,outer,topology_readout,10,0.00725120000060997,0.006968575000428245,0.007877325004301383
high_beta/K4_4/Topology,integrated,cold,process,end_to_end_seconds,10,0.2780264499997429,0.273901224999463,0.3004302250010369
high_beta/K4_4/Topology,integrated,cold,process,initialization_seconds,10,0.019052499999816064,0.01750182500018127,0.02007957500154589
high_beta/K4_4/Topology,integrated,cold,process,unallocated_seconds,10,0.1459733999981836,0.1421513999985109,0.15143354999872827
high_beta/K4_4/Topology,integrated,warm,outer,conversion_solve_independent_validation_operator_family,10,0.0244100999989314,0.021997924999595853,0.026264025001182745
high_beta/K4_4/Topology,integrated,warm,outer,frontend_manifest_validation,10,0.00021860000015294645,0.00021407499934866792,0.00025144999926851597
high_beta/K4_4/Topology,integrated,warm,outer,output_normalization_hash,10,4.749999970954377e-05,4.6099999053694773e-05,5.080000210000435e-05
high_beta/K4_4/Topology,integrated,warm,outer,topology_readout,10,0.0012929500007885508,0.0012317499986238545,0.0015321750006478396
high_beta/K4_4/Topology,integrated,warm,outer,warm_existing_objects_batches_including_first_workspace_preparation,10,0.0018189500005973969,0.0017946750022019842,0.001964074998795695
high_beta/K4_4/Topology,integrated,warm,process,end_to_end_seconds,10,0.17837090000102762,0.1748645249990659,0.19696932500119146
high_beta/K4_4/Topology,integrated,warm,process,initialization_seconds,10,0.019646149999971385,0.017896524999741814,0.020612075000826735
high_beta/K4_4/Topology,r0,cold,outer,conversion_solve_independent_validation_operator_family,10,0.08516740000050049,0.08208912499776488,0.09090964999995776
high_beta/K4_4/Topology,r0,cold,outer,frontend_manifest_validation,10,0.0008278999994217884,0.0007983249979588436,0.0009068749996004044
high_beta/K4_4/Topology,r0,cold,outer,output_normalization_hash,10,0.00038935000338824466,0.0003495249975458137,0.0004043750031996751
high_beta/K4_4/Topology,r0,cold,outer,topology_readout,10,0.032370449998779804,0.030819674997474067,0.03595674999814946
high_beta/K4_4/Topology,r0,cold,process,end_to_end_seconds,10,0.2744096999995236,0.26530834999812214,0.3000034249980672
high_beta/K4_4/Topology,r0,cold,process,initialization_seconds,10,0.0176207999993494,0.01713822499914386,0.018889725000008184
high_beta/K4_4/Topology,r0,cold,process,unallocated_seconds,10,0.14105570000538137,0.13059977499688102,0.1479024500004016
high_beta/K4_4/Topology,r0,warm,outer,conversion_solve_independent_validation_operator_family,10,0.01752585000031104,0.016561700001147983,0.018442374999722233
high_beta/K4_4/Topology,r0,warm,outer,frontend_manifest_validation,10,0.00023230000078910962,0.00021689999994123355,0.00024657499943714356
high_beta/K4_4/Topology,r0,warm,outer,output_normalization_hash,10,5.2000001232954673e-05,4.929999886371661e-05,5.507499918167014e-05
high_beta/K4_4/Topology,r0,warm,outer,topology_readout,10,0.006848399998489185,0.00615357499827951,0.007133099999009573
high_beta/K4_4/Topology,r0,warm,outer,warm_existing_objects_batches_including_first_workspace_preparation,10,0.0027108000012958655,0.0026148500000999775,0.002971250001792214
high_beta/K4_4/Topology,r0,warm,process,end_to_end_seconds,10,0.1851900999990903,0.1790136250001524,0.19263607500124635
high_beta/K4_4/Topology,r0,warm,process,initialization_seconds,10,0.01919195000300533,0.01871220000066387,0.02031722500214528
high_beta/K4_4/Topology,reference,cold,outer,conversion_solve_independent_validation_operator_family,10,0.08577430000332242,0.08262070000455424,0.09030705000259331
high_beta/K4_4/Topology,reference,cold,outer,frontend_manifest_validation,10,0.0008253999967564596,0.0007883999987825518,0.0009308500048064161
high_beta/K4_4/Topology,reference,cold,outer,output_normalization_hash,10,0.00031039999703352805,0.000293150001198228,0.0003317499968034099
high_beta/K4_4/Topology,reference,cold,outer,topology_readout,10,0.0027078999974037288,0.002552349998950376,0.002819625002302928
high_beta/K4_4/Topology,reference,cold,process,end_to_end_seconds,10,0.24951330000112648,0.24849277500015887,0.27264534999812895
high_beta/K4_4/Topology,reference,cold,process,initialization_seconds,10,0.019861749999108724,0.018897850000939798,0.0215285500007667
high_beta/K4_4/Topology,reference,cold,process,unallocated_seconds,10,0.14234220000071218,0.1401873999975578,0.1538182250042155
high_beta/K4_4/Topology,reference,warm,outer,conversion_solve_independent_validation_operator_family,10,0.019107149999399553,0.018557074999080214,0.022403899999517307
high_beta/K4_4/Topology,reference,warm,outer,frontend_manifest_validation,10,0.00022669999998470303,0.0002068249996227678,0.00024870000015653204
high_beta/K4_4/Topology,reference,warm,outer,output_normalization_hash,10,5.50499989913078e-05,5.1425001402094495e-05,6.169999778649071e-05
high_beta/K4_4/Topology,reference,warm,outer,topology_readout,10,0.0005864499999006512,0.0005269499997666571,0.0006478500008597621
high_beta/K4_4/Topology,reference,warm,outer,warm_existing_objects_batches_including_first_workspace_preparation,10,0.001436250002370798,0.0013344999988476047,0.00158119999923656
high_beta/K4_4/Topology,reference,warm,process,end_to_end_seconds,10,0.18370010000035109,0.1743428000008862,0.20207995000146184
high_beta/K4_4/Topology,reference,warm,process,initialization_seconds,10,0.01976190000095812,0.01841017499918962,0.021086175000164076
high_beta/K5_5/Topology,gudhi,cold,outer,explicit_frontend_ph_and_input_audit,10,0.0673305000000255,0.06599645000096643,0.07166144999973767
high_beta/K5_5/Topology,gudhi,cold,outer,frontend_manifest_validation,10,0.0009033999976963969,0.0008681500003149267,0.0010245499988741358
high_beta/K5_5/Topology,gudhi,cold,outer,output_normalization_hash,10,5.65999980608467e-05,5.4725000154576264e-05,5.9024997426604386e-05
high_beta/K5_5/Topology,gudhi,cold,outer,topology_readout,10,1.1400003131711856e-05,1.0999998266925104e-05,1.177500143967336e-05
high_beta/K5_5/Topology,gudhi,cold,process,end_to_end_seconds,10,0.21380535000025702,0.20709264999914012,0.22166432499761868
high_beta/K5_5/Topology,gudhi,cold,process,initialization_seconds,10,0.004227850000461331,0.0039029999998092535,0.004858150001382455
high_beta/K5_5/Topology,gudhi,cold,process,unallocated_seconds,10,0.14079944999866711,0.13766347499677067,0.1432816249962343
high_beta/K5_5/Topology,gudhi,warm,outer,explicit_frontend_ph_and_input_audit,10,0.06527664999885019,0.06478727499961678,0.07091967500127794
high_beta/K5_5/Topology,gudhi,warm,outer,frontend_manifest_validation,10,0.00028169999859528616,0.00025792500036914134,0.00029547500071203103
high_beta/K5_5/Topology,gudhi,warm,outer,output_normalization_hash,10,9.0000012278324e-06,8.725000043341424e-06,9.550000868330244e-06
high_beta/K5_5/Topology,gudhi,warm,outer,topology_readout,10,8.734999937587418e-05,8.07249989520642e-05,8.95000011951197e-05
high_beta/K5_5/Topology,gudhi,warm,outer,warm_existing_objects_batches_including_first_workspace_preparation,10,0.00036079999881621916,0.0003364000012879842,0.0003741750006156508
high_beta/K5_5/Topology,gudhi,warm,process,end_to_end_seconds,10,0.21710519999942335,0.20566977499947825,0.2317275499999596
high_beta/K5_5/Topology,gudhi,warm,process,initialization_seconds,10,0.004327950000515557,0.0041220499988412485,0.004730274999928952
high_beta/K5_5/Topology,integrated,cold,outer,conversion_solve_independent_validation_operator_family,10,0.17262405000110448,0.1684573000011369,0.17709599999943748
high_beta/K5_5/Topology,integrated,cold,outer,frontend_manifest_validation,10,0.001041800000166404,0.0009848000017882441,0.0011330000015732367
high_beta/K5_5/Topology,integrated,cold,outer,output_normalization_hash,10,0.0003281999997852836,0.0003093250024903682,0.00037155000063648913
high_beta/K5_5/Topology,integrated,cold,outer,topology_readout,10,0.012298350000492064,0.011350374994435697,0.013060850003967062
high_beta/K5_5/Topology,integrated,cold,process,end_to_end_seconds,10,0.347620550001011,0.33896070000082545,0.3574390499998117
high_beta/K5_5/Topology,integrated,cold,process,initialization_seconds,10,0.018990149999808636,0.017967550001230848,0.020153424999080016
high_beta/K5_5/Topology,integrated,cold,process,unallocated_seconds,10,0.139615349997257,0.13853634999941278,0.1461293749989636
high_beta/K5_5/Topology,integrated,warm,outer,conversion_solve_independent_validation_operator_family,10,0.0366675999994186,0.03543730000092182,0.037783225000566745
high_beta/K5_5/Topology,integrated,warm,outer,frontend_manifest_validation,10,0.0002673999988473952,0.00024612499873910565,0.000293774997771834
high_beta/K5_5/Topology,integrated,warm,outer,output_normalization_hash,10,5.2350000260048546e-05,4.822500159207266e-05,5.572499867412262e-05
high_beta/K5_5/Topology,integrated,warm,outer,topology_readout,10,0.0024140499990608077,0.002214324998021766,0.002707499998905405
high_beta/K5_5/Topology,integrated,warm,outer,warm_existing_objects_batches_including_first_workspace_preparation,10,0.001514100000349572,0.0014105749987720628,0.0015807999998287414
high_beta/K5_5/Topology,integrated,warm,process,end_to_end_seconds,10,0.2007620999993378,0.1907019999998738,0.2126178250000521
high_beta/K5_5/Topology,integrated,warm,process,initialization_seconds,10,0.019583949999287142,0.018158600000788283,0.021391925000898482
high_beta/K5_5/Topology,r0,cold,outer,conversion_solve_independent_validation_operator_family,10,0.14764510000350128,0.1447493499963457,0.1510855000024094
high_beta/K5_5/Topology,r0,cold,outer,frontend_manifest_validation,10,0.001021650001348462,0.000984400004199415,0.001060999999026535
high_beta/K5_5/Topology,r0,cold,outer,output_normalization_hash,10,0.0003697499996633269,0.000354849998075224,0.00039489999744546367
high_beta/K5_5/Topology,r0,cold,outer,topology_readout,10,0.06862019999425684,0.06594372500330792,0.07087507499909407
high_beta/K5_5/Topology,r0,cold,process,end_to_end_seconds,10,0.3771725000005972,0.37069652500122174,0.3801184750018365
high_beta/K5_5/Topology,r0,cold,process,initialization_seconds,10,0.017513750000944128,0.017079975001252024,0.01809169999887672
high_beta/K5_5/Topology,r0,cold,process,unallocated_seconds,10,0.14069100000233448,0.13853930000095716,0.14137172500159068
high_beta/K5_5/Topology,r0,warm,outer,conversion_solve_independent_validation_operator_family,10,0.031061150002642535,0.02959170000121958,0.03148572499958391
high_beta/K5_5/Topology,r0,warm,outer,frontend_manifest_validation,10,0.0002543499995226739,0.00024347499947907636,0.0002824499997586827
high_beta/K5_5/Topology,r0,warm,outer,output_normalization_hash,10,5.210000017541461e-05,5.1349998102523386e-05,5.4499998441315256e-05
high_beta/K5_5/Topology,r0,warm,outer,topology_readout,10,0.01391795000199636,0.013284425001074851,0.014636674999565003
high_beta/K5_5/Topology,r0,warm,outer,warm_existing_objects_batches_including_first_workspace_preparation,10,0.0030595999996876344,0.002747574998466007,0.0033645249977780622
high_beta/K5_5/Topology,r0,warm,process,end_to_end_seconds,10,0.20793324999976903,0.19692507499894418,0.21395952500188287
high_beta/K5_5/Topology,r0,warm,process,initialization_seconds,10,0.01901084999917657,0.017668175001745112,0.01952622499993595
high_beta/K5_5/Topology,reference,cold,outer,conversion_solve_independent_validation_operator_family,10,0.154001850001805,0.1479936249961611,0.15913844999431603
high_beta/K5_5/Topology,reference,cold,outer,frontend_manifest_validation,10,0.0010984000018652296,0.0010489500009498443,0.0011355250026099384
high_beta/K5_5/Topology,reference,cold,outer,output_normalization_hash,10,0.00032204999661189504,0.0003008499979841872,0.00032529999862163095
high_beta/K5_5/Topology,reference,cold,outer,topology_readout,10,0.0033275000023422763,0.00316637500145589,0.0034332499990341603
high_beta/K5_5/Topology,reference,cold,process,end_to_end_seconds,10,0.32193540000116627,0.316696600000796,0.33478815000125905
high_beta/K5_5/Topology,reference,cold,process,initialization_seconds,10,0.020194850001644227,0.0187471999988702,0.020794049999494746
high_beta/K5_5/Topology,reference,cold,process,unallocated_seconds,10,0.14457530000072438,0.14189432500370458,0.15027705000102287
high_beta/K5_5/Topology,reference,warm,outer,conversion_solve_independent_validation_operator_family,10,0.03099139999903855,0.0302751499993974,0.03257312500045373
high_beta/K5_5/Topology,reference,warm,outer,frontend_manifest_validation,10,0.00027275000138615724,0.00024832499912008643,0.0002856500013876939
high_beta/K5_5/Topology,reference,warm,outer,output_normalization_hash,10,5.5900000006658956e-05,5.402500210038852e-05,5.840000176249305e-05
high_beta/K5_5/Topology,reference,warm,outer,topology_readout,10,0.00069199999961711,0.0006643749993600068,0.0007189749985627714
high_beta/K5_5/Topology,reference,warm,outer,warm_existing_objects_batches_including_first_workspace_preparation,10,0.0015788999990036245,0.001515974999165337,0.001973024999642803
high_beta/K5_5/Topology,reference,warm,process,end_to_end_seconds,10,0.19425054999919666,0.18938975000128266,0.20471025000006193
high_beta/K5_5/Topology,reference,warm,process,initialization_seconds,10,0.020079249998161686,0.018393700000160607,0.02029134999975213
long_filtration/path_16/Topology,gudhi,cold,outer,explicit_frontend_ph_and_input_audit,10,0.06672929999876942,0.06606102500063571,0.07552217499960534
long_filtration/path_16/Topology,gudhi,cold,outer,frontend_manifest_validation,10,0.00027425000007497147,0.0002554749999035266,0.00031187499826046405
long_filtration/path_16/Topology,gudhi,cold,outer,output_normalization_hash,10,4.289999924367294e-05,4.165000154898735e-05,4.88499990751734e-05
long_filtration/path_16/Topology,gudhi,cold,outer,topology_readout,10,3.099999958067201e-06,2.9000002541579306e-06,3.4000004234258085e-06
long_filtration/path_16/Topology,gudhi,cold,process,end_to_end_seconds,10,0.22592714999882446,0.2097687750010664,0.24247849999756
long_filtration/path_16/Topology,gudhi,cold,process,initialization_seconds,10,0.004778450000230805,0.004149899999902118,0.0054047999992690166
long_filtration/path_16/Topology,gudhi,cold,process,unallocated_seconds,10,0.15315139999620442,0.14391862500087882,0.1607345249985883
long_filtration/path_16/Topology,gudhi,warm,outer,explicit_frontend_ph_and_input_audit,10,0.06685320000178763,0.06617732499944395,0.06796407499859924
long_filtration/path_16/Topology,gudhi,warm,outer,frontend_manifest_validation,10,0.0002555999999458436,0.0002490249999027583,0.0002657750019352534
long_filtration/path_16/Topology,gudhi,warm,outer,output_normalization_hash,10,3.534999996190891e-05,3.427499905228615e-05,3.990000004705507e-05
long_filtration/path_16/Topology,gudhi,warm,outer,topology_readout,10,9.13500007300172e-05,8.23499985926901e-05,0.00011357499897712842
long_filtration/path_16/Topology,gudhi,warm,outer,warm_existing_objects_batches_including_first_workspace_preparation,10,0.0007139000026654685,0.000663650000205962,0.0007902000024841982
long_filtration/path_16/Topology,gudhi,warm,process,end_to_end_seconds,10,0.2144966999985627,0.21181772499949147,0.2214421750004476
long_filtration/path_16/Topology,gudhi,warm,process,initialization_seconds,10,0.003950700000132201,0.003809575000559562,0.0043771999999080435
long_filtration/path_16/Topology,integrated,cold,outer,conversion_solve_independent_validation_operator_family,10,0.10652414999822213,0.10284599999977218,0.11055205000047863
long_filtration/path_16/Topology,integrated,cold,outer,frontend_manifest_validation,10,0.00026840000100492034,0.00024715000108699314,0.00027460000092105474
long_filtration/path_16/Topology,integrated,cold,outer,output_normalization_hash,10,0.0003860000015265541,0.0003472500011412194,0.00040027499926509336
long_filtration/path_16/Topology,integrated,cold,outer,topology_readout,10,0.00522715000079188,0.0046558249996451195,0.005362949999835109
long_filtration/path_16/Topology,integrated,cold,process,end_to_end_seconds,10,0.27585014999931445,0.2658035499980542,0.2922897999987981
long_filtration/path_16/Topology,integrated,cold,process,initialization_seconds,10,0.019644799998786766,0.01896180000039749,0.020541399998364795
long_filtration/path_16/Topology,integrated,cold,process,unallocated_seconds,10,0.14223909999782336,0.13703652499771124,0.1517497499989986
long_filtration/path_16/Topology,integrated,warm,outer,conversion_solve_independent_validation_operator_family,10,0.1048424000000523,0.10204862499995215,0.10791490000246995
long_filtration/path_16/Topology,integrated,warm,outer,frontend_manifest_validation,10,0.00024389999998675194,0.00023520000013377285,0.0002681500000107917
long_filtration/path_16/Topology,integrated,warm,outer,output_normalization_hash,10,0.0003532999999151798,0.0003299999980299617,0.0003678249995573424
long_filtration/path_16/Topology,integrated,warm,outer,topology_readout,10,0.004866100000072038,0.00470594999842433,0.00537787500070408
long_filtration/path_16/Topology,integrated,warm,outer,warm_existing_objects_batches_including_first_workspace_preparation,10,0.0028449500023270957,0.0027745000006689224,0.0029724000005444395
long_filtration/path_16/Topology,integrated,warm,process,end_to_end_seconds,10,0.2707116000019596,0.26724647500122956,0.27798662500026694
long_filtration/path_16/Topology,integrated,warm,process,initialization_seconds,10,0.018211149999842746,0.01792917499824398,0.018993800000316696
long_filtration/path_16/Topology,r0,cold,outer,conversion_solve_independent_validation_operator_family,10,0.08355145000132325,0.07895955000003596,0.0864627000019027
long_filtration/path_16/Topology,r0,cold,outer,frontend_manifest_validation,10,0.00023794999833626207,0.00022935000015422702,0.00026374999833933543
long_filtration/path_16/Topology,r0,cold,outer,output_normalization_hash,10,0.0003935999993700534,0.00037437499941006536,0.00040867500138119794
long_filtration/path_16/Topology,r0,cold,outer,topology_readout,10,0.05747509999855538,0.05613457500021468,0.06103452500065032
long_filtration/path_16/Topology,r0,cold,process,end_to_end_seconds,10,0.2926633999995829,0.28661652500159107,0.3127253250004287
long_filtration/path_16/Topology,r0,cold,process,initialization_seconds,10,0.019030850000490318,0.01727465000021766,0.020014625001749664
long_filtration/path_16/Topology,r0,cold,process,unallocated_seconds,10,0.13423600000351144,0.13136159999794472,0.1437179999984437
long_filtration/path_16/Topology,r0,warm,outer,conversion_solve_independent_validation_operator_family,10,0.08685380000133591,0.08122814999933325,0.08891077499902167
long_filtration/path_16/Topology,r0,warm,outer,frontend_manifest_validation,10,0.0002494999989721691,0.0002359749978495529,0.00026647499907994643
long_filtration/path_16/Topology,r0,warm,outer,output_normalization_hash,10,0.00035695000042323954,0.00034877500002039596,0.00038889999996172264
long_filtration/path_16/Topology,r0,warm,outer,topology_readout,10,0.06052019999879121,0.05799985000066954,0.062289949997648364
long_filtration/path_16/Topology,r0,warm,outer,warm_existing_objects_batches_including_first_workspace_preparation,10,0.03895304999969085,0.038459374999547435,0.04172582500086719
long_filtration/path_16/Topology,r0,warm,process,end_to_end_seconds,10,0.34989185000085854,0.3370511999983137,0.364198175002457
long_filtration/path_16/Topology,r0,warm,process,initialization_seconds,10,0.0191922500016517,0.01881817499815952,0.02016332499897544
long_filtration/path_16/Topology,reference,cold,outer,conversion_solve_independent_validation_operator_family,10,0.0810688499987009,0.0776666000001569,0.08238764999896375
long_filtration/path_16/Topology,reference,cold,outer,frontend_manifest_validation,10,0.00024975000087579247,0.0002346499995837803,0.0002588500010460848
long_filtration/path_16/Topology,reference,cold,outer,output_normalization_hash,10,0.0003630499995779246,0.0003405500019653118,0.00038107500131445704
long_filtration/path_16/Topology,reference,cold,outer,topology_readout,10,0.001134250000177417,0.0010645499987731455,0.0011631500001385575
long_filtration/path_16/Topology,reference,cold,process,end_to_end_seconds,10,0.23545075000220095,0.2305201749995831,0.2454275999998572
long_filtration/path_16/Topology,reference,cold,process,initialization_seconds,10,0.018213949999335455,0.01715665000028821,0.019378525000320224
long_filtration/path_16/Topology,reference,cold,process,unallocated_seconds,10,0.13786509999954433,0.12953429999652144,0.14179349999994884
long_filtration/path_16/Topology,reference,warm,outer,conversion_solve_independent_validation_operator_family,10,0.08312814999953844,0.07916692500020872,0.08448532500096917
long_filtration/path_16/Topology,reference,warm,outer,frontend_manifest_validation,10,0.0002549500004533911,0.0002331000014237361,0.00027735000003303867
long_filtration/path_16/Topology,reference,warm,outer,output_normalization_hash,10,0.00034514999970269855,0.00032722499872761546,0.00036884999917674577
long_filtration/path_16/Topology,reference,warm,outer,topology_readout,10,0.0010757500003819587,0.0010492999999769381,0.00112092499875871
long_filtration/path_16/Topology,reference,warm,outer,warm_existing_objects_batches_including_first_workspace_preparation,10,0.0028551499999593943,0.002831475001585204,0.002914099999543396
long_filtration/path_16/Topology,reference,warm,process,end_to_end_seconds,10,0.24694060000001627,0.2328517500000089,0.2563371250007549
long_filtration/path_16/Topology,reference,warm,process,initialization_seconds,10,0.01944185000138532,0.018071025000608643,0.02031919999899401
long_filtration/path_32/Topology,gudhi,cold,outer,explicit_frontend_ph_and_input_audit,10,0.0648738499985484,0.06349190000037197,0.06774152499929187
long_filtration/path_32/Topology,gudhi,cold,outer,frontend_manifest_validation,10,0.0003446500013524201,0.0003284250005890499,0.00039370000104099745
long_filtration/path_32/Topology,gudhi,cold,outer,output_normalization_hash,10,0.00011435000124038197,0.00011214999904041179,0.00013737500103161437
long_filtration/path_32/Topology,gudhi,cold,outer,topology_readout,10,2.849999873433262e-06,2.725002559600398e-06,3.4000004234258085e-06
long_filtration/path_32/Topology,gudhi,cold,process,end_to_end_seconds,10,0.20942270000159624,0.20628117499927612,0.22189787500064995
long_filtration/path_32/Topology,gudhi,cold,process,initialization_seconds,10,0.004438200001459336,0.003972299999986717,0.004740874999697553
long_filtration/path_32/Topology,gudhi,cold,process,unallocated_seconds,10,0.14128440000058617,0.13730827499784937,0.14697385000090435
long_filtration/path_32/Topology,gudhi,warm,outer,explicit_frontend_ph_and_input_audit,10,0.06642009999995935,0.06146115000046848,0.07673645000159013
long_filtration/path_32/Topology,gudhi,warm,outer,frontend_manifest_validation,10,0.00038035000034142286,0.00034655000035854755,0.000431574999311124
long_filtration/path_32/Topology,gudhi,warm,outer,output_normalization_hash,10,0.0001244000013684854,0.00012264999895705841,0.00014157500027067726
long_filtration/path_32/Topology,gudhi,warm,outer,topology_readout,10,0.00025534999986120965,0.00022475000059785089,0.00027725000109057873
long_filtration/path_32/Topology,gudhi,warm,outer,warm_existing_objects_batches_including_first_workspace_preparation,10,0.002386649999607471,0.002218900000116264,0.002700499998354644
long_filtration/path_32/Topology,gudhi,warm,process,end_to_end_seconds,10,0.222150600000532,0.20480914999916422,0.2478454749998491
long_filtration/path_32/Topology,gudhi,warm,process,initialization_seconds,10,0.004772250000314671,0.004094650001206901,0.005081924999103649
long_filtration/path_32/Topology,integrated,cold,outer,conversion_solve_independent_validation_operator_family,10,0.7453046000027825,0.7392540750006447,0.7528646999990087
long_filtration/path_32/Topology,integrated,cold,outer,frontend_manifest_validation,10,0.0003633499982242938,0.00035239999760960927,0.00038379999932658393
long_filtration/path_32/Topology,integrated,cold,outer,output_normalization_hash,10,0.0012737999986711657,0.001227625001774868,0.0013594499996543163
long_filtration/path_32/Topology,integrated,cold,outer,topology_readout,10,0.04233050000038929,0.040632324997204705,0.043870874998901854
long_filtration/path_32/Topology,integrated,cold,process,end_to_end_seconds,10,0.947487049999836,0.9335424749997401,0.9883939999999711
long_filtration/path_32/Topology,integrated,cold,process,initialization_seconds,10,0.01947554999969725,0.01801037499899394,0.02115747499919962
long_filtration/path_32/Topology,integrated,cold,process,unallocated_seconds,10,0.1368311000023823,0.13258192500143196,0.15090000000145665
long_filtration/path_32/Topology,integrated,warm,outer,conversion_solve_independent_validation_operator_family,10,0.7392080000008718,0.7287858500021684,0.7639939000000595
long_filtration/path_32/Topology,integrated,warm,outer,frontend_manifest_validation,10,0.00036870000076305587,0.00033857500056910794,0.00041259999852627516
long_filtration/path_32/Topology,integrated,warm,outer,output_normalization_hash,10,0.0011879499998030951,0.0011157749986523413,0.0012780249990100856
long_filtration/path_32/Topology,integrated,warm,outer,topology_readout,10,0.04152665000037814,0.04008932499709772,0.04558429999724467
long_filtration/path_32/Topology,integrated,warm,outer,warm_existing_objects_batches_including_first_workspace_preparation,10,0.009177899999485817,0.008726124997338047,0.009744125002725923
long_filtration/path_32/Topology,integrated,warm,process,end_to_end_seconds,10,0.952178699999422,0.9333827749996999,0.9865877749998617
long_filtration/path_32/Topology,integrated,warm,process,initialization_seconds,10,0.0189748500015412,0.017754824998519325,0.0197982999998203
long_filtration/path_32/Topology,r0,cold,outer,conversion_solve_independent_validation_operator_family,10,0.6257053000008455,0.6025709250006912,0.631168674998662
long_filtration/path_32/Topology,r0,cold,outer,frontend_manifest_validation,10,0.0003672499988169875,0.0003416499994273181,0.00039354999989882344
long_filtration/path_32/Topology,r0,cold,outer,output_normalization_hash,10,0.0012822499975300161,0.0012458499995773309,0.0013082999985272181
long_filtration/path_32/Topology,r0,cold,outer,topology_readout,10,0.41086865000215766,0.3944282500024201,0.4292875750006715
long_filtration/path_32/Topology,r0,cold,process,end_to_end_seconds,10,1.2002074499996525,1.1571452749994933,1.241104074998475
long_filtration/path_32/Topology,r0,cold,process,initialization_seconds,10,0.019985149998319685,0.01746175000062067,0.020205700001497462
long_filtration/path_32/Topology,r0,cold,process,unallocated_seconds,10,0.14251264999984414,0.13573669999641425,0.1519683249971422
long_filtration/path_32/Topology,r0,warm,outer,conversion_solve_independent_validation_operator_family,10,0.6026525000015681,0.5926809500006129,0.6186501499987571
long_filtration/path_32/Topology,r0,warm,outer,frontend_manifest_validation,10,0.0003523499999573687,0.00033664999773463933,0.0004292250023354427
long_filtration/path_32/Topology,r0,warm,outer,output_normalization_hash,10,0.0011552499981917208,0.0011089999989053467,0.001245950001248275
long_filtration/path_32/Topology,r0,warm,outer,topology_readout,10,0.40093789999991714,0.39012637499945413,0.4145863250014372
long_filtration/path_32/Topology,r0,warm,outer,warm_existing_objects_batches_including_first_workspace_preparation,10,0.15460990000065067,0.1496512249987063,0.15983755000070232
long_filtration/path_32/Topology,r0,warm,process,end_to_end_seconds,10,1.306500299999243,1.3009034999977303,1.3661950500018065
long_filtration/path_32/Topology,r0,warm,process,initialization_seconds,10,0.017055700001947116,0.016523224999218655,0.01858120000179042
long_filtration/path_32/Topology,reference,cold,outer,conversion_solve_independent_validation_operator_family,10,0.5731356000014785,0.5553364500001408,0.5817983249999088
long_filtration/path_32/Topology,reference,cold,outer,frontend_manifest_validation,10,0.0003940999995393213,0.0003496000008453848,0.0004516749977483414
long_filtration/path_32/Topology,reference,cold,outer,output_normalization_hash,10,0.001258499998584739,0.001105049998841423,0.0014813000007052324
long_filtration/path_32/Topology,reference,cold,outer,topology_readout,10,0.004593400000885595,0.004301300001316122,0.00494674999936251
long_filtration/path_32/Topology,reference,cold,process,end_to_end_seconds,10,0.7472515499994188,0.7176025999997364,0.7512489000000642
long_filtration/path_32/Topology,reference,cold,process,initialization_seconds,10,0.019891349998943042,0.019080499999290623,0.021284475002175895
long_filtration/path_32/Topology,reference,cold,process,unallocated_seconds,10,0.1449951999984478,0.1345052750002651,0.1501451249996535
long_filtration/path_32/Topology,reference,warm,outer,conversion_solve_independent_validation_operator_family,10,0.5845868500018696,0.5500705499971446,0.6038450999985798
long_filtration/path_32/Topology,reference,warm,outer,frontend_manifest_validation,10,0.00039290000131586567,0.00036145000012766104,0.0004343250002420973
long_filtration/path_32/Topology,reference,warm,outer,output_normalization_hash,10,0.0013117500002408633,0.001126099999055441,0.0014140249986667186
long_filtration/path_32/Topology,reference,warm,outer,topology_readout,10,0.005064300001322408,0.004611875001501176,0.0055139499991128105
long_filtration/path_32/Topology,reference,warm,outer,warm_existing_objects_batches_including_first_workspace_preparation,10,0.00912899999821093,0.008653849999973318,0.009302375000515894
long_filtration/path_32/Topology,reference,warm,process,end_to_end_seconds,10,0.7882632999990165,0.7302453499987678,0.804733899999519
long_filtration/path_32/Topology,reference,warm,process,initialization_seconds,10,0.022672299999612733,0.02105345000018133,0.024131374998432875
query/q0,gudhi,cold,outer,explicit_frontend_ph_and_input_audit,10,0.06884039999749803,0.06787257499854604,0.07258992500010208
query/q0,gudhi,cold,outer,frontend_manifest_validation,10,0.0004497499994613463,0.00041937499827326974,0.000541499999599182
query/q0,gudhi,cold,outer,output_normalization_hash,10,6.679999933112413e-05,6.277500233409228e-05,7.562500104540959e-05
query/q0,gudhi,cold,outer,topology_readout,10,1.1649997759377584e-05,1.1099999028374441e-05,1.3675000445800833e-05
query/q0,gudhi,cold,process,end_to_end_seconds,10,0.21410885000113922,0.20740050000040355,0.2227086250022694
query/q0,gudhi,cold,process,initialization_seconds,10,0.004069099999469472,0.003926774998944893,0.004677650001212896
query/q0,gudhi,cold,process,unallocated_seconds,10,0.14051670000299055,0.13540225000178907,0.14601022500210092
query/q0,gudhi,warm,outer,explicit_frontend_ph_and_input_audit,10,0.0659091500001523,0.06260047500018118,0.0697409249996781
query/q0,gudhi,warm,outer,frontend_manifest_validation,10,0.00017289999959757552,0.00016289999712171266,0.00018472500050847884
query/q0,gudhi,warm,outer,output_normalization_hash,10,1.0200001270277426e-05,9.524999768473208e-06,1.0749999091785867e-05
query/q0,gudhi,warm,outer,topology_readout,10,5.455000064102933e-05,5.0850000661739614e-05,5.625000085274223e-05
query/q0,gudhi,warm,outer,warm_existing_objects_batches_including_first_workspace_preparation,10,0.00024369999846385326,0.00023027499992167577,0.00025602500136301387
query/q0,gudhi,warm,process,end_to_end_seconds,10,0.21655425000062678,0.20336020000013377,0.23268367499895248
query/q0,gudhi,warm,process,initialization_seconds,10,0.00449060000028112,0.0040005500022743945,0.004921025001749513
query/q0,integrated,cold,outer,conversion_solve_independent_validation_operator_family,10,0.05767365000247082,0.0561253999994733,0.058004649998110835
query/q0,integrated,cold,outer,frontend_manifest_validation,10,0.0004963000010320684,0.00047509999694739236,0.0005612250033664168
query/q0,integrated,cold,outer,output_normalization_hash,10,0.00041895000140357297,0.000391450000279292,0.00043997499687975505
query/q0,integrated,cold,outer,topology_readout,10,0.002875349999158061,0.0027305499997964944,0.003146174999528739
query/q0,integrated,cold,process,end_to_end_seconds,10,0.22196115000042482,0.2138351750008951,0.22987297500003478
query/q0,integrated,cold,process,initialization_seconds,10,0.020182850001219776,0.019424374999289284,0.02125587499813264
query/q0,integrated,cold,process,unallocated_seconds,10,0.14039990000492253,0.13235664999865548,0.14551069999924948
query/q0,integrated,warm,outer,conversion_solve_independent_validation_operator_family,10,0.015273349999915808,0.014437474998885591,0.015779775001647067
query/q0,integrated,warm,outer,frontend_manifest_validation,10,0.00016999999934341758,0.00015947499832691392,0.0001892749996841303
query/q0,integrated,warm,outer,output_normalization_hash,10,7.969999933266081e-05,7.565000032627722e-05,8.64750008986448e-05
query/q0,integrated,warm,outer,topology_readout,10,0.0006643500018981285,0.000597425000705698,0.0007502250000470667
query/q0,integrated,warm,outer,warm_existing_objects_batches_including_first_workspace_preparation,10,0.001611350000530365,0.0015225000015561818,0.0017101250014093239
query/q0,integrated,warm,process,end_to_end_seconds,10,0.18072580000080052,0.16993137499866862,0.1845951250006692
query/q0,integrated,warm,process,initialization_seconds,10,0.01896544999908656,0.01727875000142376,0.020039574998918397
query/q0,reference,cold,outer,conversion_solve_independent_validation_operator_family,10,0.051351149995753076,0.04929519999677723,0.055712974998641585
query/q0,reference,cold,outer,frontend_manifest_validation,10,0.0005177000002731802,0.0004933250002068235,0.0005801250008516945
query/q0,reference,cold,outer,output_normalization_hash,10,0.0004105499956494896,0.000398674996176851,0.00042772499637067085
query/q0,reference,cold,outer,topology_readout,10,0.0020481000046856934,0.0018632500004969188,0.002169250000406464
query/q0,reference,cold,process,end_to_end_seconds,10,0.20976659999905678,0.20423645000118995,0.23059497500071302
query/q0,reference,cold,process,initialization_seconds,10,0.0180070499991416,0.0171854499994879,0.020477600000958773
query/q0,reference,cold,process,unallocated_seconds,10,0.13636070000029576,0.13260752499991213,0.14885435000269354
query/q0,reference,warm,outer,conversion_solve_independent_validation_operator_family,10,0.011584349998884136,0.01104072500129405,0.012004474997411307
query/q0,reference,warm,outer,frontend_manifest_validation,10,0.00018319999981031287,0.00015899999925750308,0.00018790000012813834
query/q0,reference,warm,outer,output_normalization_hash,10,7.780000123602804e-05,6.839999787189299e-05,8.277500091935508e-05
query/q0,reference,warm,outer,topology_readout,10,0.00046609999844804406,0.0004149749993302976,0.0005008750022170716
query/q0,reference,warm,outer,warm_existing_objects_batches_including_first_workspace_preparation,10,0.001489500002207933,0.0013920250021328684,0.0017119750000347267
query/q0,reference,warm,process,end_to_end_seconds,10,0.16998980000062147,0.16128112500064162,0.17868285000076867
query/q0,reference,warm,process,initialization_seconds,10,0.01924499999950058,0.01793785000063508,0.020734875000016473
query/q1,gudhi,cold,outer,explicit_frontend_ph_and_input_audit,10,0.06793560000187426,0.06512002499857772,0.07103744999858463
query/q1,gudhi,cold,outer,frontend_manifest_validation,10,0.00045014999705017544,0.00043672500578395557,0.000466875002530287
query/q1,gudhi,cold,outer,output_normalization_hash,10,6.694999865430873e-05,6.379999922501156e-05,6.925000161572825e-05
query/q1,gudhi,cold,outer,topology_readout,10,1.1850001101265661e-05,1.1100000847363845e-05,1.2450000212993473e-05
query/q1,gudhi,cold,process,end_to_end_seconds,10,0.21896989999913785,0.20793649999995978,0.2277159000022948
query/q1,gudhi,cold,process,initialization_seconds,10,0.0042050500014738645,0.004026800000247022,0.004571299999042822
query/q1,gudhi,cold,process,unallocated_seconds,10,0.14594034999936412,0.13954367499263753,0.15218930000082764
query/q1,gudhi,warm,outer,explicit_frontend_ph_and_input_audit,10,0.06478260000039882,0.059684425000341434,0.06727615000090736
query/q1,gudhi,warm,outer,frontend_manifest_validation,10,0.00015770000027259812,0.0001542250010970747,0.0001632999992580153
query/q1,gudhi,warm,outer,output_normalization_hash,10,1.005000012810342e-05,9.45000192587031e-06,1.1674997949739918e-05
query/q1,gudhi,warm,outer,topology_readout,10,5.5300000894931145e-05,5.1974998314108234e-05,5.897499977436382e-05
query/q1,gudhi,warm,outer,warm_existing_objects_batches_including_first_workspace_preparation,10,0.0002426999999443069,0.00022687499858875526,0.00028884999937872635
query/q1,gudhi,warm,process,end_to_end_seconds,10,0.20790265000141517,0.20162492499912332,0.22025767499872018
query/q1,gudhi,warm,process,initialization_seconds,10,0.003955449999921257,0.003804050001235737,0.004317774999435642
query/q1,integrated,cold,nested/H0,barcode_transport_certificates,10,0.012348799999017501,0.011507474998325051,0.01293700000132958
query/q1,integrated,cold,nested/H0,class_tracking,10,0.012560049997773604,0.012037550000968622,0.014158825000777142
query/q1,integrated,cold,nested/H0,family_validation,10,0.002067400000669295,0.001956150000296475,0.0023215250030261814
query/q1,integrated,cold,nested/H0,geometry_first_including_preparation,10,0.003073800002312055,0.002888275000259455,0.0035348250039533013
query/q1,integrated,cold,nested/H0,geometry_second,10,0.0030048999997234205,0.002916524999818648,0.0036064000032638432
query/q1,integrated,cold,nested/H0,input_conversion,10,0.0007375499990303069,0.0006785749974369537,0.0008299249993797275
query/q1,integrated,cold,nested/H0,operator_mandatory_validation,10,0.010266499999488587,0.009321350002210238,0.010807100003148662
query/q1,integrated,cold,nested/H0,restore_geometry_audit,10,0.003503100000671111,0.0034727250022115186,0.0037078749992360827
query/q1,integrated,cold,nested/H0,restore_mandatory_validation,10,0.19990429999961634,0.19949117500254943,0.20639070000288484
query/q1,integrated,cold,nested/H0,semantic_digest,10,0.000851099997817073,0.0008352499989996431,0.0008960249997471692
query/q1,integrated,cold,nested/H0,snapshot_serialization_mandatory_validation,10,0.17059355000128562,0.1678823999964152,0.17114832500192279
query/q1,integrated,cold,nested/H0,solve_dispatch_mandatory_validation,10,0.01761255000201345,0.016839424999488983,0.018140875004064583
query/q1,integrated,cold,nested/H0,streamed_full_chain_restore_audit,10,0.0015631000005669193,0.0015292500029318035,0.0015902750010354794
query/q1,integrated,cold,nested/H0,topology,10,0.001119399998060544,0.001077650003026065,0.0012335499995970167
query/q1,integrated,cold,nested/H1,barcode_transport_certificates,10,0.008498800001689233,0.008167549997779133,0.008574324998335214
query/q1,integrated,cold,nested/H1,class_tracking,10,0.01187500000014552,0.01133779999690887,0.012667800001509022
query/q1,integrated,cold,nested/H1,family_validation,10,0.0018937499989988282,0.0018057249963021604,0.002071175000310177
query/q1,integrated,cold,nested/H1,geometry_first_including_preparation,10,0.0028794999998353887,0.0027719750032701995,0.0030417749994740007
query/q1,integrated,cold,nested/H1,geometry_second,10,0.0027961499981756788,0.0026961999956256477,0.0028574250000019674
query/q1,integrated,cold,nested/H1,input_conversion,10,0.0008113999956549378,0.0007773000006636721,0.0009114249969570665
query/q1,integrated,cold,nested/H1,operator_mandatory_validation,10,0.009339000005638809,0.008699599997271434,0.00967122499787365
query/q1,integrated,cold,nested/H1,restore_geometry_audit,10,0.003830699994068709,0.0033379999968019547,0.004050849998748163
query/q1,integrated,cold,nested/H1,restore_mandatory_validation,10,0.19048349999502534,0.1857449000035558,0.1925757999997586
query/q1,integrated,cold,nested/H1,semantic_digest,10,0.0007670000013604295,0.0007215999939944595,0.0008273250005004229
query/q1,integrated,cold,nested/H1,snapshot_serialization_mandatory_validation,10,0.1527941500007728,0.1511974500008364,0.15536347499983094
query/q1,integrated,cold,nested/H1,solve_dispatch_mandatory_validation,10,0.014255250000132946,0.013795024995488347,0.014666125001895125
query/q1,integrated,cold,nested/H1,streamed_full_chain_restore_audit,10,0.0013293000047269743,0.0012598500061358209,0.001628250003705034
query/q1,integrated,cold,nested/H1,topology,10,0.0009323000012955163,0.000868675003403041,0.0010014250019594328
query/q1,integrated,cold,outer,all_requested_topology_readout,10,0.002620549994389876,0.0025775500007512164,0.0027927249984713853
query/q1,integrated,cold,outer,frontend_manifest_validation,10,0.0005110000020067673,0.0005001000008633127,0.0005627250011457363
query/q1,integrated,cold,outer,full_topology_additional_validated_construction,10,0.05282534999787458,0.05165807500088704,0.054517075001967896
query/q1,integrated,cold,outer,joint_complete_pipeline_with_disjoint_nested_phase_records,10,0.8551578000005975,0.8441833249953561,0.8622456999983115
query/q1,integrated,cold,outer,output_normalization_hash,10,0.0002884500045183813,0.000274574998911703,0.00030125000193947926
query/q1,integrated,cold,process,end_to_end_seconds,10,1.0793030499989982,1.0637460499992812,1.0923989250022714
query/q1,integrated,cold,process,initialization_seconds,10,0.019076849999692058,0.018424074999529694,0.019780524998168403
query/q1,integrated,cold,process,unallocated_seconds,10,0.1469387499982986,0.13847522499963816,0.15432694999890373
query/q1,integrated,warm,outer,conversion_solve_independent_validation_operator_family,10,0.01416810000227997,0.01306592500077386,0.01506442499885452
query/q1,integrated,warm,outer,frontend_manifest_validation,10,0.0001613000003999332,0.0001555500020913314,0.0001753249980538385
query/q1,integrated,warm,outer,output_normalization_hash,10,7.300000106624793e-05,7.252499926835299e-05,7.872500009398209e-05
query/q1,integrated,warm,outer,topology_readout,10,0.0005863499991392018,0.0005783000005976646,0.0006242499994186801
query/q1,integrated,warm,outer,warm_existing_objects_batches_including_first_workspace_preparation,10,0.034811349998562946,0.03374492500006454,0.03653965000103199
query/q1,integrated,warm,process,end_to_end_seconds,10,0.20872804999999062,0.20605452499876264,0.22187127499910275
query/q1,integrated,warm,process,initialization_seconds,10,0.018456699999660486,0.018152775000089605,0.020255924999219133
query/q1,reference,cold,nested/H0,barcode_transport_certificates,10,0.010807299999214592,0.01047447500150156,0.011290049999843177
query/q1,reference,cold,nested/H0,class_tracking,10,0.012025550000544172,0.011396099999728904,0.012435650000043097
query/q1,reference,cold,nested/H0,family_validation,10,0.0021655999989889096,0.0020290999937060406,0.0022958500012464356
query/q1,reference,cold,nested/H0,geometry_first_including_preparation,10,0.0009831500028667506,0.0009403250005561858,0.0009994499996537343
query/q1,reference,cold,nested/H0,geometry_second,10,0.0014029499998287065,0.0013573999949585414,0.0014345249974212493
query/q1,reference,cold,nested/H0,input_conversion,10,0.0007554000003437977,0.0006988749992160592,0.00079350000123668
query/q1,reference,cold,nested/H0,operator_mandatory_validation,10,0.008166249999703723,0.007418325000799086,0.008435524998276378
query/q1,reference,cold,nested/H0,restore_geometry_audit,10,0.0015414499976031948,0.0014416749963857,0.0015958999956637854
query/q1,reference,cold,nested/H0,restore_mandatory_validation,10,0.18347910000193224,0.17925397499766405,0.20228177500030142
query/q1,reference,cold,nested/H0,semantic_digest,10,0.0009210000025632326,0.0008442250000371132,0.0009387249938299647
query/q1,reference,cold,nested/H0,snapshot_serialization_mandatory_validation,10,0.15662234999763314,0.15280012500261364,0.16572555000402645
query/q1,reference,cold,nested/H0,solve_dispatch_mandatory_validation,10,0.015350050000051851,0.014536599996972654,0.01609777499925258
query/q1,reference,cold,nested/H0,streamed_full_chain_restore_audit,10,0.000651000003927038,0.0005767999982708716,0.0006960749997233506
query/q1,reference,cold,nested/H0,topology,10,0.0002913999996962957,0.0002675000032468233,0.0002991250012200908
query/q1,reference,cold,nested/H1,barcode_transport_certificates,10,0.007821000002877554,0.007663024998691981,0.008158800003911892
query/q1,reference,cold,nested/H1,class_tracking,10,0.012120100001993706,0.010971975008033041,0.013260724999781814
query/q1,reference,cold,nested/H1,family_validation,10,0.001967750000403612,0.0018353749965172028,0.0021939499920335948
query/q1,reference,cold,nested/H1,geometry_first_including_preparation,10,0.0010611499947117409,0.0009823250029512565,0.0011497750001581153
query/q1,reference,cold,nested/H1,geometry_second,10,0.0015156999997998355,0.001403099996423407,0.001682324998000695
query/q1,reference,cold,nested/H1,input_conversion,10,0.0008570500012865523,0.0008097999989331583,0.0009584249992258265
query/q1,reference,cold,nested/H1,operator_mandatory_validation,10,0.007091149998814217,0.006518900002447481,0.007701199996517971
query/q1,reference,cold,nested/H1,restore_geometry_audit,10,0.0016491000042151427,0.0015389999998660642,0.0016646000012769946
query/q1,reference,cold,nested/H1,restore_mandatory_validation,10,0.1697259499997017,0.16339234999577457,0.17510802499691636
query/q1,reference,cold,nested/H1,semantic_digest,10,0.0007603000030940166,0.0007286250011020456,0.000780950003900216
query/q1,reference,cold,nested/H1,snapshot_serialization_mandatory_validation,10,0.13877044999935606,0.13167729999986477,0.14967184999841265
query/q1,reference,cold,nested/H1,solve_dispatch_mandatory_validation,10,0.012622650003322633,0.012238350001098297,0.012987250001970096
query/q1,reference,cold,nested/H1,streamed_full_chain_restore_audit,10,0.00044234999586478807,0.00040669999634701526,0.0004536499955065665
query/q1,reference,cold,nested/H1,topology,10,0.0002055000004475005,0.00019505000273056794,0.00022197500311449403
query/q1,reference,cold,outer,all_requested_topology_readout,10,0.0020061000032001175,0.0018363999979555956,0.0020887500013486715
query/q1,reference,cold,outer,frontend_manifest_validation,10,0.0005426999978226377,0.0005016249997424893,0.0005655750019286643
query/q1,reference,cold,outer,full_topology_additional_validated_construction,10,0.05025559999739926,0.04594120000183466,0.05204589999902964
query/q1,reference,cold,outer,joint_complete_pipeline_with_disjoint_nested_phase_records,10,0.7591132000015932,0.737220325002454,0.803455325001778
query/q1,reference,cold,outer,output_normalization_hash,10,0.0002903500007960247,0.0002760500028671231,0.0003040750016225502
query/q1,reference,cold,process,end_to_end_seconds,10,0.974436649999916,0.9459237500022937,1.033824399999503
query/q1,reference,cold,process,initialization_seconds,10,0.019841400000586873,0.018705550000049698,0.020589875000041502
query/q1,reference,cold,process,unallocated_seconds,10,0.14539579999473062,0.14121049999721436,0.15244222499768512
query/q1,reference,warm,outer,conversion_solve_independent_validation_operator_family,10,0.011923699999897508,0.011158474999319878,0.012298075000217068
query/q1,reference,warm,outer,frontend_manifest_validation,10,0.00017474999913247302,0.00015940000048431102,0.0001859499998317915
query/q1,reference,warm,outer,output_normalization_hash,10,7.94000006862916e-05,7.330000062211184e-05,8.177500058081932e-05
query/q1,reference,warm,outer,topology_readout,10,0.0004725500002678018,0.000412049999795272,0.00048129999959201086
query/q1,reference,warm,outer,warm_existing_objects_batches_including_first_workspace_preparation,10,0.030486899999232264,0.029102175000844,0.031525324999165605
query/q1,reference,warm,process,end_to_end_seconds,10,0.19702924999910465,0.19315155000185769,0.21658250000018597
query/q1,reference,warm,process,initialization_seconds,10,0.017912900000737864,0.01736752500073635,0.019855199997437012
query/q1024,gudhi,cold,outer,explicit_frontend_ph_and_input_audit,10,0.06300850000116043,0.0619211749999522,0.06491265000295243
query/q1024,gudhi,cold,outer,frontend_manifest_validation,10,0.00015994999921531416,0.00015304999942600261,0.00016965000213531312
query/q1024,gudhi,cold,outer,output_normalization_hash,10,1.2900000001536682e-05,1.2600000445672777e-05,1.3674999536306132e-05
query/q1024,gudhi,cold,outer,topology_readout,10,2.6000016077887267e-06,2.4999972083605826e-06,2.7999994927085936e-06
query/q1024,gudhi,cold,process,end_to_end_seconds,10,0.20636100000047009,0.2022435749977376,0.2095079499995336
query/q1024,gudhi,cold,process,initialization_seconds,10,0.004010700000435463,0.0037777749994347687,0.004347650001363945
query/q1024,gudhi,cold,process,unallocated_seconds,10,0.13882480000029318,0.1351502999978038,0.14116709999780142
query/q1024,gudhi,warm,outer,explicit_frontend_ph_and_input_audit,10,0.06456784999863885,0.0627096000007441,0.06868812500124477
query/q1024,gudhi,warm,outer,frontend_manifest_validation,10,0.0001600499999767635,0.00015080000048328657,0.00016929999947024044
query/q1024,gudhi,warm,outer,output_normalization_hash,10,9.749999662744813e-06,9.100000170292333e-06,1.0274999112880323e-05
query/q1024,gudhi,warm,outer,topology_readout,10,5.6400000175926834e-05,4.907499987893971e-05,6.145000043034088e-05
query/q1024,gudhi,warm,outer,warm_existing_objects_batches_including_first_workspace_preparation,10,0.00022739999985788018,0.00021727500006818445,0.0002441500018903753
query/q1024,gudhi,warm,process,end_to_end_seconds,10,0.21262314999876253,0.208348925001701,0.228132450000885
query/q1024,gudhi,warm,process,initialization_seconds,10,0.00418569999965257,0.003985399999692163,0.004671549999329727
query/q1024,integrated,cold,nested/H0,barcode_transport_certificates,10,0.002498800000466872,0.002440974999444734,0.002640675001202908
query/q1024,integrated,cold,nested/H0,class_tracking,10,2.5328411500013317,2.517264374997467,2.5853206499996304
query/q1024,integrated,cold,nested/H0,family_validation,10,0.0003936499997507781,0.0003816500002358225,0.00041104999854724156
query/q1024,integrated,cold,nested/H0,geometry_first_including_preparation,10,0.20125555000049644,0.19862814999942202,0.20573400000012043
query/q1024,integrated,cold,nested/H0,geometry_second,10,0.2527116500004922,0.24933345000044937,0.25814692500262026
query/q1024,integrated,cold,nested/H0,input_conversion,10,0.00015775000065332279,0.00014744999953109073,0.00016770000001997687
query/q1024,integrated,cold,nested/H0,operator_mandatory_validation,10,0.0018716999984462745,0.0017637999981161556,0.0018960499992317636
query/q1024,integrated,cold,nested/H0,restore_geometry_audit,10,0.26603330000034475,0.25833172500006185,0.27111867500025255
query/q1024,integrated,cold,nested/H0,restore_mandatory_validation,10,0.8984551499997906,0.8880976499995086,0.9207013249997544
query/q1024,integrated,cold,nested/H0,semantic_digest,10,0.03993534999972326,0.03842154999892955,0.04252399999950285
query/q1024,integrated,cold,nested/H0,snapshot_serialization_mandatory_validation,10,0.9113849999994272,0.8895209750016875,0.9241701500013733
query/q1024,integrated,cold,nested/H0,solve_dispatch_mandatory_validation,10,0.006402250000974163,0.005889950000891986,0.006617375001042092
query/q1024,integrated,cold,nested/H0,streamed_full_chain_restore_audit,10,0.0003758000002562767,0.00037245000021357555,0.0004139000002396642
query/q1024,integrated,cold,nested/H0,topology,10,0.00022080000053392723,0.00021307499901013216,0.00024457500057906145
query/q1024,integrated,cold,nested/H1,barcode_transport_certificates,10,0.001748099999531405,0.0016663000014887075,0.0019858750010826043
query/q1024,integrated,cold,nested/H1,class_tracking,10,2.4760932000008324,2.412954899999022,2.53955225000027
query/q1024,integrated,cold,nested/H1,family_validation,10,0.0003636499986896524,0.0003311499986011768,0.00039294999987760093
query/q1024,integrated,cold,nested/H1,geometry_first_including_preparation,10,0.16389694999998028,0.1590299999979834,0.1702426750016457
query/q1024,integrated,cold,nested/H1,geometry_second,10,0.20640679999996792,0.2033196249985849,0.21117799999956333
query/q1024,integrated,cold,nested/H1,input_conversion,10,0.00016324999887729064,0.00015432499913003994,0.00018627499775902834
query/q1024,integrated,cold,nested/H1,operator_mandatory_validation,10,0.0016397499985032482,0.0016158750004251488,0.0017697749981380184
query/q1024,integrated,cold,nested/H1,restore_geometry_audit,10,0.21245535000161908,0.20868350000000646,0.21436447500127542
query/q1024,integrated,cold,nested/H1,restore_mandatory_validation,10,0.7378450500000326,0.7214806000001772,0.7447313499988013
query/q1024,integrated,cold,nested/H1,semantic_digest,10,0.03290295000078913,0.032322000000021944,0.03400417499960895
query/q1024,integrated,cold,nested/H1,snapshot_serialization_mandatory_validation,10,0.7286200999988068,0.7239531999975952,0.737594000000172
query/q1024,integrated,cold,nested/H1,solve_dispatch_mandatory_validation,10,0.002604100000098697,0.0024433000007775263,0.0030609750019721105
query/q1024,integrated,cold,nested/H1,streamed_full_chain_restore_audit,10,0.0003126999999949476,0.0002932500010501826,0.00036409999847819563
query/q1024,integrated,cold,nested/H1,topology,10,0.0001696500003163237,0.0001612999994904385,0.00018037500103673665
query/q1024,integrated,cold,outer,all_requested_topology_readout,10,0.0005437000017991522,0.0005307749988787691,0.0006007999991197721
query/q1024,integrated,cold,outer,frontend_manifest_validation,10,0.00016209999921557028,0.00015789999815751798,0.00018040000122709898
query/q1024,integrated,cold,outer,full_topology_additional_validated_construction,10,0.010756849998870166,0.010123825001755904,0.011374275000889611
query/q1024,integrated,cold,outer,joint_complete_pipeline_with_disjoint_nested_phase_records,10,9.760613849999572,9.673398075003206,9.844124474999262
query/q1024,integrated,cold,outer,output_normalization_hash,10,5.559999954130035e-05,5.192500157136237e-05,5.707499985874165e-05
query/q1024,integrated,cold,process,end_to_end_seconds,10,9.932407199999943,9.856237725001847,10.019547699999748
query/q1024,integrated,cold,process,initialization_seconds,10,0.01939594999930705,0.01789287500014325,0.02034377500149276
query/q1024,integrated,cold,process,unallocated_seconds,10,0.14027760000135459,0.1370573250023881,0.14541897499839251
query/q1024,integrated,warm,outer,conversion_solve_independent_validation_operator_family,10,0.014569400000254973,0.013524625000172819,0.015422699999362521
query/q1024,integrated,warm,outer,frontend_manifest_validation,10,0.00017004999972414225,0.00015815000097063603,0.00018935000207420671
query/q1024,integrated,warm,outer,output_normalization_hash,10,9.109999882639386e-05,8.959999740909552e-05,0.00010179999935644446
query/q1024,integrated,warm,outer,topology_readout,10,0.0006975499982218025,0.0005978249973850325,0.0007753500003673253
query/q1024,integrated,warm,outer,warm_existing_objects_batches_including_first_workspace_preparation,10,28.011529450001035,27.732382150000376,28.42058894999991
query/q1024,integrated,warm,process,end_to_end_seconds,10,28.193646499999886,27.90197787499892,28.6024005750005
query/q1024,integrated,warm,process,initialization_seconds,10,0.019460350000372273,0.017941200001587276,0.021905149999838613
query/q1024,reference,cold,nested/H0,barcode_transport_certificates,10,0.002562850000686012,0.0021601999997074017,0.0028500000007625204
query/q1024,reference,cold,nested/H0,class_tracking,10,2.430685049997919,2.3976908249996995,2.443930999999793
query/q1024,reference,cold,nested/H0,family_validation,10,0.0004269999990356155,0.00036559999989549397,0.000465024998447916
query/q1024,reference,cold,nested/H0,geometry_first_including_preparation,10,0.14911679999931948,0.14526012500027718,0.15084042499984207
query/q1024,reference,cold,nested/H0,geometry_second,10,0.21201925000059418,0.20905145000051562,0.21862762499767996
query/q1024,reference,cold,nested/H0,input_conversion,10,0.0001603500004421221,0.00015292499938368564,0.00017757500063453335
query/q1024,reference,cold,nested/H0,operator_mandatory_validation,10,0.0015999999995983671,0.0013594249985544593,0.001696500000434753
query/q1024,reference,cold,nested/H0,restore_geometry_audit,10,0.20709504999831552,0.20334517499941285,0.21282512500056328
query/q1024,reference,cold,nested/H0,restore_mandatory_validation,10,0.9114745000006224,0.8851099250005063,0.9165827749993696
query/q1024,reference,cold,nested/H0,semantic_digest,10,0.04078144999948563,0.03906439999991562,0.042308475000936596
query/q1024,reference,cold,nested/H0,snapshot_serialization_mandatory_validation,10,0.9010754499995528,0.887396025000271,0.9080803249999008
query/q1024,reference,cold,nested/H0,solve_dispatch_mandatory_validation,10,0.004859300001044176,0.004529125000772183,0.0054973500009509735
query/q1024,reference,cold,nested/H0,streamed_full_chain_restore_audit,10,0.00020015000154671725,0.00017917500099429162,0.00020957500055374112
query/q1024,reference,cold,nested/H0,topology,10,5.5950000387383625e-05,4.824999905395089e-05,6.364999990182696e-05
query/q1024,reference,cold,nested/H1,barcode_transport_certificates,10,0.001549999999042484,0.0014629250017605955,0.0016291000010824064
query/q1024,reference,cold,nested/H1,class_tracking,10,2.3360039999988658,2.2644307499995193,2.3638646499985043
query/q1024,reference,cold,nested/H1,family_validation,10,0.0003536500025802525,0.0003420999973968719,0.0003821499994955957
query/q1024,reference,cold,nested/H1,geometry_first_including_preparation,10,0.17261059999873396,0.16893579999850772,0.1759809499981202
query/q1024,reference,cold,nested/H1,geometry_second,10,0.2215495500004181,0.21785600000021077,0.22286822500063863
query/q1024,reference,cold,nested/H1,input_conversion,10,0.00017135000052803662,0.00016007500107662054,0.0001834499989854521
query/q1024,reference,cold,nested/H1,operator_mandatory_validation,10,0.0012581000009959098,0.00120077499832405,0.0013215499975558487
query/q1024,reference,cold,nested/H1,restore_geometry_audit,10,0.22309690000111004,0.2173513499992623,0.22632637500100827
query/q1024,reference,cold,nested/H1,restore_mandatory_validation,10,0.729486750000433,0.7219910750009149,0.7375834750000649
query/q1024,reference,cold,nested/H1,semantic_digest,10,0.033299249998890446,0.03300779999972292,0.035385324998969736
query/q1024,reference,cold,nested/H1,snapshot_serialization_mandatory_validation,10,0.7457335500002955,0.7254298749994632,0.7563054250003916
query/q1024,reference,cold,nested/H1,solve_dispatch_mandatory_validation,10,0.0023390999995172024,0.002268624999487656,0.0024155250011972385
query/q1024,reference,cold,nested/H1,streamed_full_chain_restore_audit,10,0.00013284999840834644,0.00012744999821734382,0.00013884999953006627
query/q1024,reference,cold,nested/H1,topology,10,3.749999996216502e-05,3.600000036385609e-05,3.980000201408984e-05
query/q1024,reference,cold,outer,all_requested_topology_readout,10,0.00036795000050915405,0.0003542749973348691,0.00040262499987875344
query/q1024,reference,cold,outer,frontend_manifest_validation,10,0.00017010000010486692,0.00016010000035748817,0.00018622500010678777
query/q1024,reference,cold,outer,full_topology_additional_validated_construction,10,0.008934500001487322,0.00872685000013007,0.009637125001063396
query/q1024,reference,cold,outer,joint_complete_pipeline_with_disjoint_nested_phase_records,10,9.292268949999198,9.241342424998948,9.395648449998589
query/q1024,reference,cold,outer,output_normalization_hash,10,5.5050000810297206e-05,5.2000002142449375e-05,6.142500023997854e-05
query/q1024,reference,cold,process,end_to_end_seconds,10,9.4696162500004,9.418965550000394,9.562895274999391
query/q1024,reference,cold,process,initialization_seconds,10,0.01865794999866921,0.01763512500019715,0.019957250001425564
query/q1024,reference,cold,process,unallocated_seconds,10,0.1397159999996802,0.13337994999983493,0.151549850000265
query/q1024,reference,warm,outer,conversion_solve_independent_validation_operator_family,10,0.011608599997998681,0.01105872499920224,0.012856549999014533
query/q1024,reference,warm,outer,frontend_manifest_validation,10,0.00016834999951242935,0.00016332500217686174,0.0001798999992388417
query/q1024,reference,warm,outer,output_normalization_hash,10,0.00010159999874304049,9.610000051907264e-05,0.00010712499988585478
query/q1024,reference,warm,outer,topology_readout,10,0.00046135000047797803,0.0004429500004334841,0.00047555000037391437
query/q1024,reference,warm,outer,warm_existing_objects_batches_including_first_workspace_preparation,10,25.923428500000227,25.757668450000892,26.09511444999771
query/q1024,reference,warm,process,end_to_end_seconds,10,26.08346580000034,25.947083650000422,26.259401275000528
query/q1024,reference,warm,process,initialization_seconds,10,0.01882484999987355,0.017243775000679307,0.020287900001676462
query/q64,gudhi,cold,outer,explicit_frontend_ph_and_input_audit,10,0.06721914999798173,0.06314055000257213,0.06909257499955856
query/q64,gudhi,cold,outer,frontend_manifest_validation,10,0.0004519000012805918,0.0004028000003017951,0.0004891500029771123
query/q64,gudhi,cold,outer,output_normalization_hash,10,6.874999780848157e-05,6.149999990157085e-05,6.930000017746352e-05
query/q64,gudhi,cold,outer,topology_readout,10,1.1299996913294308e-05,9.625000529922545e-06,1.1850002920255065e-05
query/q64,gudhi,cold,process,end_to_end_seconds,10,0.21117529999901308,0.20461469999918336,0.2264956249982788
query/q64,gudhi,cold,process,initialization_seconds,10,0.0042110999984288355,0.003908449998561991,0.004560974998639722
query/q64,gudhi,cold,process,unallocated_seconds,10,0.14113109999925655,0.13613064999844937,0.15016342500075552
query/q64,gudhi,warm,outer,explicit_frontend_ph_and_input_audit,10,0.06496214999970107,0.06169730000056006,0.06986192499971366
query/q64,gudhi,warm,outer,frontend_manifest_validation,10,0.00015995000103430357,0.0001567999988765223,0.00018112499947164906
query/q64,gudhi,warm,outer,output_normalization_hash,10,9.800000043469481e-06,9.374998626299202e-06,1.0499998097657226e-05
query/q64,gudhi,warm,outer,topology_readout,10,5.16500003868714e-05,4.8600000809528865e-05,5.49000005776179e-05
query/q64,gudhi,warm,outer,warm_existing_objects_batches_including_first_workspace_preparation,10,0.00023535000036645215,0.00022029999945516465,0.00025290000030508963
query/q64,gudhi,warm,process,end_to_end_seconds,10,0.21410275000016554,0.20461602499926812,0.22364815000128146
query/q64,gudhi,warm,process,initialization_seconds,10,0.004163350000453647,0.0040016750017457525,0.004479925001760421
query/q64,integrated,cold,nested/H0,barcode_transport_certificates,10,0.011773500000344939,0.01135080000040034,0.011988174998805334
query/q64,integrated,cold,nested/H0,class_tracking,10,0.784477599998354,0.7789921749981659,0.796522774994628
query/q64,integrated,cold,nested/H0,family_validation,10,0.001830199998948956,0.0018025000017587445,0.0021072499994261307
query/q64,integrated,cold,nested/H0,geometry_first_including_preparation,10,0.06734225000036531,0.06446269999560172,0.06838042500203301
query/q64,integrated,cold,nested/H0,geometry_second,10,0.08596904999831168,0.0821916750028322,0.08723955000186834
query/q64,integrated,cold,nested/H0,input_conversion,10,0.0007559000005130656,0.0007014999991952209,0.0007983249988683383
query/q64,integrated,cold,nested/H0,operator_mandatory_validation,10,0.01003649999620393,0.009073400002307608,0.010961074998704134
query/q64,integrated,cold,nested/H0,restore_geometry_audit,10,0.08568119999836199,0.08397367500128894,0.08870372500223311
query/q64,integrated,cold,nested/H0,restore_mandatory_validation,10,0.5730977500006702,0.563897224998982,0.5854395749993273
query/q64,integrated,cold,nested/H0,semantic_digest,10,0.013688800003365031,0.01345004999802768,0.015217375002066547
query/q64,integrated,cold,nested/H0,snapshot_serialization_mandatory_validation,10,0.5266487000026245,0.5178550500022538,0.5349022999998851
query/q64,integrated,cold,nested/H0,solve_dispatch_mandatory_validation,10,0.01743670000178099,0.016856699999152625,0.01830330000484537
query/q64,integrated,cold,nested/H0,streamed_full_chain_restore_audit,10,0.0018064499981846893,0.0017181249995701364,0.0019652249948194367
query/q64,integrated,cold,nested/H0,topology,10,0.0010864000014407793,0.0010473499978616019,0.0011683749971780344
query/q64,integrated,cold,nested/H1,barcode_transport_certificates,10,0.008576149999498739,0.008097724999061029,0.00970162500107108
query/q64,integrated,cold,nested/H1,class_tracking,10,0.7787420499971631,0.7683145999999397,0.7906016249989989
query/q64,integrated,cold,nested/H1,family_validation,10,0.0018780000009428477,0.001812325002902071,0.0022536749947903445
query/q64,integrated,cold,nested/H1,geometry_first_including_preparation,10,0.0549856500038004,0.05132534999938798,0.057126675003019045
query/q64,integrated,cold,nested/H1,geometry_second,10,0.06540465000034601,0.06441454999912821,0.06609987499723502
query/q64,integrated,cold,nested/H1,input_conversion,10,0.0008727500007807976,0.0008187749972421443,0.0009636000004320522
query/q64,integrated,cold,nested/H1,operator_mandatory_validation,10,0.00887230000080308,0.008404700001847232,0.009398700000019744
query/q64,integrated,cold,nested/H1,restore_geometry_audit,10,0.06682985000043118,0.06600437500128464,0.06877852500019799
query/q64,integrated,cold,nested/H1,restore_mandatory_validation,10,0.4350395999990724,0.4238006999958088,0.44104225000319275
query/q64,integrated,cold,nested/H1,semantic_digest,10,0.012064150001606322,0.011244374994930695,0.012895349999780592
query/q64,integrated,cold,nested/H1,snapshot_serialization_mandatory_validation,10,0.4008664000011777,0.39043785000194475,0.40344072499829053
query/q64,integrated,cold,nested/H1,solve_dispatch_mandatory_validation,10,0.014414849998502177,0.01372552499469748,0.015076874999977008
query/q64,integrated,cold,nested/H1,streamed_full_chain_restore_audit,10,0.001532400001451606,0.0014948500001992215,0.0015689000038037193
query/q64,integrated,cold,nested/H1,topology,10,0.0009010499998112209,0.0008494750027239206,0.0009625500042602653
query/q64,integrated,cold,outer,all_requested_topology_readout,10,0.002714999998715939,0.002618199999233184,0.0028096250043745385
query/q64,integrated,cold,outer,frontend_manifest_validation,10,0.0005090000013296958,0.000488499999846681,0.0005259499957901426
query/q64,integrated,cold,outer,full_topology_additional_validated_construction,10,0.05444914999679895,0.05171502499888447,0.05648145000122895
query/q64,integrated,cold,outer,joint_complete_pipeline_with_disjoint_nested_phase_records,10,4.053399700003865,4.015325700004723,4.110711600002105
query/q64,integrated,cold,outer,output_normalization_hash,10,0.00030700000206707045,0.00027872500322700944,0.0003160999995088787
query/q64,integrated,cold,process,end_to_end_seconds,10,4.277852350000103,4.225946925000244,4.329090500000348
query/q64,integrated,cold,process,initialization_seconds,10,0.01801904999956605,0.017493750000539876,0.020560850001857034
query/q64,integrated,cold,process,unallocated_seconds,10,0.14295900000252004,0.13395287500134145,0.14783667499887088
query/q64,integrated,warm,outer,conversion_solve_independent_validation_operator_family,10,0.014810399999987567,0.01433390000147483,0.016156374999809486
query/q64,integrated,warm,outer,frontend_manifest_validation,10,0.00016529999993508682,0.00016109999978652922,0.00017262499932257924
query/q64,integrated,warm,outer,output_normalization_hash,10,7.715000174357556e-05,7.390000064333435e-05,8.497499948134646e-05
query/q64,integrated,warm,outer,topology_readout,10,0.0006244000014703488,0.0006075000028431532,0.0006346750005832291
query/q64,integrated,warm,outer,warm_existing_objects_batches_including_first_workspace_preparation,10,1.7692360499986535,1.7508681749986863,1.7793166999990717
query/q64,integrated,warm,process,end_to_end_seconds,10,1.941332299998976,1.9227908999991996,1.964528475003135
query/q64,integrated,warm,process,initialization_seconds,10,0.02003954999963753,0.01904014999854553,0.021313524997822242
query/q64,reference,cold,nested/H0,barcode_transport_certificates,10,0.010915850003584637,0.01023929999973916,0.0112274749963035
query/q64,reference,cold,nested/H0,class_tracking,10,0.7616946999987704,0.7437379000002693,0.7890672749999794
query/q64,reference,cold,nested/H0,family_validation,10,0.002045900000666734,0.0018569499980003457,0.0021834499993929057
query/q64,reference,cold,nested/H0,geometry_first_including_preparation,10,0.047271350002120016,0.046978074996332,0.04929682499550836
query/q64,reference,cold,nested/H0,geometry_second,10,0.07004385000072944,0.06777092499942228,0.07218217500667379
query/q64,reference,cold,nested/H0,input_conversion,10,0.0007546999986516312,0.0006904250030856929,0.0007863249975343933
query/q64,reference,cold,nested/H0,operator_mandatory_validation,10,0.008536749999620952,0.0076056999978391104,0.009114425001826021
query/q64,reference,cold,nested/H0,restore_geometry_audit,10,0.06554365000374673,0.06464827500076353,0.07109972500165895
query/q64,reference,cold,nested/H0,restore_mandatory_validation,10,0.5558109500016144,0.54932572499456,0.5621728750002148
query/q64,reference,cold,nested/H0,semantic_digest,10,0.013700899999093963,0.013181075000829878,0.013906324998970376
query/q64,reference,cold,nested/H0,snapshot_serialization_mandatory_validation,10,0.522600850003073,0.5084413749937085,0.5333737500022835
query/q64,reference,cold,nested/H0,solve_dispatch_mandatory_validation,10,0.01532230000157142,0.014259074998335564,0.01660859999628883
query/q64,reference,cold,nested/H0,streamed_full_chain_restore_audit,10,0.0008021000012377044,0.0007593999980599619,0.0008178999951269361
query/q64,reference,cold,nested/H0,topology,10,0.000270050002654898,0.0002556749996074359,0.0002971250032715034
query/q64,reference,cold,nested/H1,barcode_transport_certificates,10,0.0072841999972297344,0.007045524999739428,0.0076293500014799065
query/q64,reference,cold,nested/H1,class_tracking,10,0.7423677000024327,0.7222135250049178,0.7504336249985499
query/q64,reference,cold,nested/H1,family_validation,10,0.0019302499986224575,0.001818274998186098,0.0023949500018716208
query/q64,reference,cold,nested/H1,geometry_first_including_preparation,10,0.05426305000037246,0.05325997500040103,0.055543025000588386
query/q64,reference,cold,nested/H1,geometry_second,10,0.06865240000115591,0.0672387999966304,0.0708382749962766
query/q64,reference,cold,nested/H1,input_conversion,10,0.0008445499970548553,0.0008151500042004045,0.0008670000033816905
query/q64,reference,cold,nested/H1,operator_mandatory_validation,10,0.007086999998136889,0.006617474997256068,0.007339249998949526
query/q64,reference,cold,nested/H1,restore_geometry_audit,10,0.06916495000223222,0.06844632500360603,0.07092277500487398
query/q64,reference,cold,nested/H1,restore_mandatory_validation,10,0.40422939999916707,0.4022869999998875,0.4111815749993184
query/q64,reference,cold,nested/H1,semantic_digest,10,0.011282349998509744,0.01047395000114193,0.012674699999479344
query/q64,reference,cold,nested/H1,snapshot_serialization_mandatory_validation,10,0.3842962999988231,0.37526557499950286,0.38932542499969713
query/q64,reference,cold,nested/H1,solve_dispatch_mandatory_validation,10,0.013206049994550995,0.01220547500452085,0.013617450002129772
query/q64,reference,cold,nested/H1,streamed_full_chain_restore_audit,10,0.0005529499976546504,0.0005256750027911039,0.0005747750046793954
query/q64,reference,cold,nested/H1,topology,10,0.0002039500013779616,0.0001939250005307258,0.00021175000438233837
query/q64,reference,cold,outer,all_requested_topology_readout,10,0.002014600000620703,0.0019349499998497777,0.0020670999974754523
query/q64,reference,cold,outer,frontend_manifest_validation,10,0.0005470499982038746,0.0005386000020735082,0.000596925004174409
query/q64,reference,cold,outer,full_topology_additional_validated_construction,10,0.0482656499989389,0.04617210000378691,0.05005172500295885
query/q64,reference,cold,outer,joint_complete_pipeline_with_disjoint_nested_phase_records,10,3.849172299998827,3.772522275002302,3.9279681999978493
query/q64,reference,cold,outer,output_normalization_hash,10,0.00029904999428254087,0.00029077499857521616,0.0003168499997627805
query/q64,reference,cold,process,end_to_end_seconds,10,4.057948000001488,3.9780368000001545,4.172076924999601
query/q64,reference,cold,process,initialization_seconds,10,0.019126799999867217,0.018331575002775935,0.02124904999800492
query/q64,reference,cold,process,unallocated_seconds,10,0.1382975999986229,0.1357311249958002,0.15566052500616934
query/q64,reference,warm,outer,conversion_solve_independent_validation_operator_family,10,0.011628950000158511,0.010970599997563113,0.011916074998225668
query/q64,reference,warm,outer,frontend_manifest_validation,10,0.0001693499998509651,0.00015875000008236384,0.00017770000249583973
query/q64,reference,warm,outer,output_normalization_hash,10,7.964999895193614e-05,7.680000089749228e-05,8.210000032704556e-05
query/q64,reference,warm,outer,topology_readout,10,0.0004655500015360303,0.000448124998001731,0.0005030500014981953
query/q64,reference,warm,outer,warm_existing_objects_batches_including_first_workspace_preparation,10,1.6454222000011214,1.6339572250017227,1.6696693249996315
query/q64,reference,warm,process,end_to_end_seconds,10,1.8147888999992574,1.7994134499995198,1.8460144499995295
query/q64,reference,warm,process,initialization_seconds,10,0.01966915000048175,0.01866309999877558,0.020176649999484653
query/q8,factorized_scalar,cold,nested/H0,barcode_transport_certificates,10,0.011781049997807713,0.010943399999632675,0.012406150000970229
query/q8,factorized_scalar,cold,nested/H0,class_tracking,10,0.09980614999949466,0.09492315000443341,0.10302340000180266
query/q8,factorized_scalar,cold,nested/H0,family_validation,10,0.0019965499959653243,0.001890825001282792,0.0021572500036199926
query/q8,factorized_scalar,cold,nested/H0,geometry_first_including_preparation,10,0.012977450000107638,0.012627525000425521,0.01401345000067522
query/q8,factorized_scalar,cold,nested/H0,geometry_second,10,0.014815100003033876,0.014107749996583152,0.015433849996952631
query/q8,factorized_scalar,cold,nested/H0,input_conversion,10,0.0007467000014003133,0.0007052000046314788,0.0008406749993810081
query/q8,factorized_scalar,cold,nested/H0,operator_mandatory_validation,10,0.0101448999994318,0.009304425000664196,0.010952749992611643
query/q8,factorized_scalar,cold,nested/H0,restore_geometry_audit,10,0.015641649997633067,0.015166724999289727,0.016993300004287448
query/q8,factorized_scalar,cold,nested/H0,restore_mandatory_validation,10,0.3394314500001201,0.32945912499872065,0.35206822500367707
query/q8,factorized_scalar,cold,nested/H0,semantic_digest,10,0.0022821499969722936,0.0022078000038163736,0.0024687999994057463
query/q8,factorized_scalar,cold,nested/H0,snapshot_serialization_mandatory_validation,10,0.2924550000025192,0.287099124998349,0.30296372499287827
query/q8,factorized_scalar,cold,nested/H0,solve_dispatch_mandatory_validation,10,0.01900450000175624,0.016542074999961187,0.019850975003464555
query/q8,factorized_scalar,cold,nested/H0,streamed_full_chain_restore_audit,10,0.0016391000008297851,0.0015680499991503893,0.0017074000024877023
query/q8,factorized_scalar,cold,nested/H0,topology,10,0.001143200002843514,0.0010699250033212593,0.001244550000592426
query/q8,factorized_scalar,cold,nested/H1,barcode_transport_certificates,10,0.008479549998810398,0.007912025002042355,0.009032075000504847
query/q8,factorized_scalar,cold,nested/H1,class_tracking,10,0.09860384999592497,0.09591304999412387,0.10160175000510208
query/q8,factorized_scalar,cold,nested/H1,family_validation,10,0.0019371500002307585,0.0018855749985959847,0.0020178250033495715
query/q8,factorized_scalar,cold,nested/H1,geometry_first_including_preparation,10,0.01461734999793407,0.014260124995416845,0.015289450001546356
query/q8,factorized_scalar,cold,nested/H1,geometry_second,10,0.01796009999998205,0.017491749999862805,0.018866550004531746
query/q8,factorized_scalar,cold,nested/H1,input_conversion,10,0.0008717000018805265,0.0008105000006253249,0.0010271249984725728
query/q8,factorized_scalar,cold,nested/H1,operator_mandatory_validation,10,0.009403949999978067,0.009009924999190844,0.00963094999860914
query/q8,factorized_scalar,cold,nested/H1,restore_geometry_audit,10,0.01833740000256512,0.017235700001947407,0.01909767499910231
query/q8,factorized_scalar,cold,nested/H1,restore_mandatory_validation,10,0.24231444999713858,0.2396305000029315,0.2504173500010438
query/q8,factorized_scalar,cold,nested/H1,semantic_digest,10,0.002013750003243331,0.0018908500014731544,0.002104974994836084
query/q8,factorized_scalar,cold,nested/H1,snapshot_serialization_mandatory_validation,10,0.20037075000072946,0.19624992500212102,0.20277837500361784
query/q8,factorized_scalar,cold,nested/H1,solve_dispatch_mandatory_validation,10,0.014689300000100047,0.01355154999782826,0.01622725000288483
query/q8,factorized_scalar,cold,nested/H1,streamed_full_chain_restore_audit,10,0.0014506999996228842,0.0013723249976465013,0.0014841250003883033
query/q8,factorized_scalar,cold,nested/H1,topology,10,0.0009338500021840446,0.0008821499977784697,0.001036624997141189
query/q8,factorized_scalar,cold,outer,all_requested_topology_readout,10,0.002755599996817182,0.0026119749982171925,0.002843625001332839
query/q8,factorized_scalar,cold,outer,frontend_manifest_validation,10,0.0005008499992982252,0.0004834749997826293,0.0005505500002982444
query/q8,factorized_scalar,cold,outer,full_topology_additional_validated_construction,10,0.05304865000107384,0.05188269999780459,0.05554892499912967
query/q8,factorized_scalar,cold,outer,joint_complete_pipeline_with_disjoint_nested_phase_records,10,1.4774664499982464,1.451094249999187,1.4872632499973406
query/q8,factorized_scalar,cold,outer,output_normalization_hash,10,0.00028205000126035884,0.00027674999728333205,0.0003138249985568109
query/q8,factorized_scalar,cold,process,end_to_end_seconds,10,1.686935050000102,1.6656625249988792,1.7129572750009174
query/q8,factorized_scalar,cold,process,initialization_seconds,10,0.019294750001790817,0.018098224999448576,0.019947950001551362
query/q8,factorized_scalar,cold,process,unallocated_seconds,10,0.14038800000344054,0.13824969999586756,0.14293252500010567
query/q8,factorized_scalar,warm,outer,conversion_solve_independent_validation_operator_family,10,0.014350800000102026,0.013353250000363914,0.014893625000695465
query/q8,factorized_scalar,warm,outer,frontend_manifest_validation,10,0.00017130000014731195,0.00016029999915190274,0.0001779000003807596
query/q8,factorized_scalar,warm,outer,output_normalization_hash,10,7.835000178602058e-05,7.425000057992293e-05,7.927499791549053e-05
query/q8,factorized_scalar,warm,outer,topology_readout,10,0.0006591499986825511,0.0006168750023789471,0.0007067500000630389
query/q8,factorized_scalar,warm,outer,warm_existing_objects_batches_including_first_workspace_preparation,10,0.23895810000067286,0.23219390000213025,0.2495350999997754
query/q8,factorized_scalar,warm,process,end_to_end_seconds,10,0.41204860000107146,0.39735120000204915,0.43108612499963783
query/q8,factorized_scalar,warm,process,initialization_seconds,10,0.018418949999613687,0.017533299998831353,0.01952467499904742
query/q8,gudhi,cold,outer,explicit_frontend_ph_and_input_audit,10,0.06718425000144634,0.064316099993448,0.07158472499577329
query/q8,gudhi,cold,outer,frontend_manifest_validation,10,0.00042130000110773835,0.00039494999873568304,0.0004741500015370548
query/q8,gudhi,cold,outer,output_normalization_hash,10,6.359999497362878e-05,5.717499243473867e-05,7.134999850677559e-05
query/q8,gudhi,cold,outer,topology_readout,10,1.1050004104617983e-05,1.0025005394709297e-05,1.2975002391613089e-05
query/q8,gudhi,cold,process,end_to_end_seconds,10,0.20962784999937867,0.20821162499851198,0.23218980000183365
query/q8,gudhi,cold,process,initialization_seconds,10,0.0047219999996741535,0.00422372500088386,0.006087000001571141
query/q8,gudhi,cold,process,unallocated_seconds,10,0.13730225000108476,0.13597707499957323,0.15368649999709305
query/q8,gudhi,warm,outer,explicit_frontend_ph_and_input_audit,10,0.06411794999985432,0.05981865000012476,0.06561232499916514
query/q8,gudhi,warm,outer,frontend_manifest_validation,10,0.00015770000027259812,0.00015212499874905916,0.00016342499839083757
query/q8,gudhi,warm,outer,output_normalization_hash,10,1.049999991664663e-05,9.624999620427843e-06,1.140000040322775e-05
query/q8,gudhi,warm,outer,topology_readout,10,5.290000081004109e-05,4.9849999413709156e-05,5.974999930913327e-05
query/q8,gudhi,warm,outer,warm_existing_objects_batches_including_first_workspace_preparation,10,0.0002473500007909024,0.0002233500008514966,0.00028207500054122647
query/q8,gudhi,warm,process,end_to_end_seconds,10,0.21210760000212758,0.20136122499934572,0.21653299999979936
query/q8,gudhi,warm,process,initialization_seconds,10,0.004354550001153257,0.003741825000361132,0.004485649998969166
query/q8,hc_workspace,cold,nested/H0,barcode_transport_certificates,10,0.010937649998595589,0.010667350001313025,0.011566275004042836
query/q8,hc_workspace,cold,nested/H0,class_tracking,10,0.09539249999761523,0.09390182500283117,0.10334949999923992
query/q8,hc_workspace,cold,nested/H0,family_validation,10,0.0018758499954856234,0.0017850250014816993,0.002157824999812874
query/q8,hc_workspace,cold,nested/H0,geometry_first_including_preparation,10,0.010885850000704522,0.010058250003567082,0.011521900003572227
query/q8,hc_workspace,cold,nested/H0,geometry_second,10,0.012982449996343348,0.012078999997356732,0.013135775006048789
query/q8,hc_workspace,cold,nested/H0,input_conversion,10,0.0007477500003005844,0.0006804499953432241,0.0007963000007293886
query/q8,hc_workspace,cold,nested/H0,operator_mandatory_validation,10,0.00919160000194097,0.007988100001966814,0.01035702500030311
query/q8,hc_workspace,cold,nested/H0,restore_geometry_audit,10,0.013559549997808062,0.013266825002574478,0.014042924999557727
query/q8,hc_workspace,cold,nested/H0,restore_mandatory_validation,10,0.32497985000190965,0.32225655000274855,0.33144397499927436
query/q8,hc_workspace,cold,nested/H0,semantic_digest,10,0.0023934500004543224,0.002183125000556174,0.002665724995495111
query/q8,hc_workspace,cold,nested/H0,snapshot_serialization_mandatory_validation,10,0.28835499999877356,0.2813131749990134,0.30074155000329483
query/q8,hc_workspace,cold,nested/H0,solve_dispatch_mandatory_validation,10,0.019368699997357908,0.017973850000089442,0.020274400002563198
query/q8,hc_workspace,cold,nested/H0,streamed_full_chain_restore_audit,10,0.0011752500013244571,0.0010641749977366999,0.001306075004322338
query/q8,hc_workspace,cold,nested/H0,topology,10,0.0008113500007311814,0.0006967250010347925,0.0008365749990844051
query/q8,hc_workspace,cold,nested/H1,barcode_transport_certificates,10,0.008115100001305109,0.007509225002650055,0.008390075005991093
query/q8,hc_workspace,cold,nested/H1,class_tracking,10,0.09345010000106413,0.09273934999873745,0.09904592500060971
query/q8,hc_workspace,cold,nested/H1,family_validation,10,0.002047199999651639,0.0018673750018933788,0.0023013499967419193
query/q8,hc_workspace,cold,nested/H1,geometry_first_including_preparation,10,0.008219749999625492,0.007669599995097087,0.009542224996039295
query/q8,hc_workspace,cold,nested/H1,geometry_second,10,0.01122600000235252,0.010375774996646214,0.011630050002167991
query/q8,hc_workspace,cold,nested/H1,input_conversion,10,0.0008418499983235961,0.000789350001468847,0.0009408249989064643
query/q8,hc_workspace,cold,nested/H1,operator_mandatory_validation,10,0.008150349998686579,0.007448150000527676,0.008367274998818175
query/q8,hc_workspace,cold,nested/H1,restore_geometry_audit,10,0.011386700001821737,0.0104788999997254,0.012382699999761826
query/q8,hc_workspace,cold,nested/H1,restore_mandatory_validation,10,0.22843869999996969,0.22307849999833707,0.2311097499987227
query/q8,hc_workspace,cold,nested/H1,semantic_digest,10,0.0019118000000162283,0.0018046749992208788,0.0021887750044697896
query/q8,hc_workspace,cold,nested/H1,snapshot_serialization_mandatory_validation,10,0.1960207000010996,0.19011125000088214,0.20255605000420474
query/q8,hc_workspace,cold,nested/H1,solve_dispatch_mandatory_validation,10,0.013468499997543404,0.012815649997719447,0.013893200002712547
query/q8,hc_workspace,cold,nested/H1,streamed_full_chain_restore_audit,10,0.0007052999972074758,0.0006554999999934807,0.0007870250046835281
query/q8,hc_workspace,cold,nested/H1,topology,10,0.0005338999981177039,0.0005084499980512192,0.0005462250037453487
query/q8,hc_workspace,cold,outer,all_requested_topology_readout,10,0.0022281000037764898,0.002062624997961393,0.0023351000008915435
query/q8,hc_workspace,cold,outer,frontend_manifest_validation,10,0.0005199999995966209,0.0004812500010302756,0.0005569999975705286
query/q8,hc_workspace,cold,outer,full_topology_additional_validated_construction,10,0.05115740000110236,0.04974795000089216,0.053842924999116804
query/q8,hc_workspace,cold,outer,joint_complete_pipeline_with_disjoint_nested_phase_records,10,1.392090149998694,1.3507474000016373,1.4213183000001663
query/q8,hc_workspace,cold,outer,output_normalization_hash,10,0.0002923499978351174,0.00026819999948202167,0.00030044999857636867
query/q8,hc_workspace,cold,process,end_to_end_seconds,10,1.6102020500002254,1.56826700000056,1.6522575749995667
query/q8,hc_workspace,cold,process,initialization_seconds,10,0.01809384999978647,0.017566274998898734,0.0204213749993869
query/q8,hc_workspace,cold,process,unallocated_seconds,10,0.14806414999657136,0.14078259999951115,0.15133077499740466
query/q8,hc_workspace,warm,outer,conversion_solve_independent_validation_operator_family,10,0.013341850000870181,0.012824999999793363,0.014813074999437958
query/q8,hc_workspace,warm,outer,frontend_manifest_validation,10,0.00017755000044417102,0.00016834999951242935,0.00018342500061407918
query/q8,hc_workspace,warm,outer,output_normalization_hash,10,8.04999999672873e-05,7.822500083420891e-05,9.067500104720239e-05
query/q8,hc_workspace,warm,outer,topology_readout,10,0.0004970999998477055,0.00047597500088158995,0.0005224000005910057
query/q8,hc_workspace,warm,outer,warm_existing_objects_batches_including_first_workspace_preparation,10,0.21984694999991916,0.2142961249983273,0.23682887500035577
query/q8,hc_workspace,warm,process,end_to_end_seconds,10,0.3960489499986579,0.382290099999409,0.4279421250012092
query/q8,hc_workspace,warm,process,initialization_seconds,10,0.01860839999972086,0.017701875000057044,0.02166192500044417
query/q8,integrated,cold,nested/H0,barcode_transport_certificates,10,0.013460399999530637,0.011722324997208489,0.013845850004145177
query/q8,integrated,cold,nested/H0,class_tracking,10,0.09949630000301113,0.09692304999407497,0.1041916999984096
query/q8,integrated,cold,nested/H0,family_validation,10,0.002076050001051044,0.0019498749970807694,0.002350875000047381
query/q8,integrated,cold,nested/H0,geometry_first_including_preparation,10,0.01007134999781556,0.009753075004482525,0.010337600000639213
query/q8,integrated,cold,nested/H0,geometry_second,10,0.011721499997292995,0.011583274996155524,0.013129074999596924
query/q8,integrated,cold,nested/H0,input_conversion,10,0.000802650001787697,0.0007484999987354968,0.0008379749997402541
query/q8,integrated,cold,nested/H0,operator_mandatory_validation,10,0.009892049996778951,0.009380050003528595,0.011205250000784872
query/q8,integrated,cold,nested/H0,restore_geometry_audit,10,0.012309600000662613,0.011803000003055786,0.013252875001853681
query/q8,integrated,cold,nested/H0,restore_mandatory_validation,10,0.33607370000027004,0.32936462500038033,0.3441690249983367
query/q8,integrated,cold,nested/H0,semantic_digest,10,0.002283899997564731,0.0021096750015203725,0.002475850000337232
query/q8,integrated,cold,nested/H0,snapshot_serialization_mandatory_validation,10,0.2939750500027003,0.28928457500205695,0.2976146749952022
query/q8,integrated,cold,nested/H0,solve_dispatch_mandatory_validation,10,0.01813984999898821,0.016716725001060695,0.019762949999858392
query/q8,integrated,cold,nested/H0,streamed_full_chain_restore_audit,10,0.0016399000014644116,0.0015398000032291748,0.0017932249957084423
query/q8,integrated,cold,nested/H0,topology,10,0.0012117500009480864,0.0010882250016948092,0.0012421749970599194
query/q8,integrated,cold,nested/H1,barcode_transport_certificates,10,0.00834565000513976,0.007899824998276017,0.00925127500158851
query/q8,integrated,cold,nested/H1,class_tracking,10,0.09887659999913012,0.09714607499972772,0.10109369999827322
query/q8,integrated,cold,nested/H1,family_validation,10,0.0019222500013711397,0.0018846750017473823,0.0019488250009089825
query/q8,integrated,cold,nested/H1,geometry_first_including_preparation,10,0.008415849995799363,0.007838449998416763,0.008974574999228935
query/q8,integrated,cold,nested/H1,geometry_second,10,0.010718250001445995,0.009568274997945991,0.011267150001913251
query/q8,integrated,cold,nested/H1,input_conversion,10,0.000806350000857492,0.0007600000044476474,0.0008874750001268694
query/q8,integrated,cold,nested/H1,operator_mandatory_validation,10,0.009303100001488929,0.008849574997839227,0.009608100003788422
query/q8,integrated,cold,nested/H1,restore_geometry_audit,10,0.011292300001514377,0.009876800002530217,0.011502374997689913
query/q8,integrated,cold,nested/H1,restore_mandatory_validation,10,0.23205634999612812,0.22920080000039889,0.23445547500068642
query/q8,integrated,cold,nested/H1,semantic_digest,10,0.0019405500006541843,0.0018118999969374272,0.002098000002661138
query/q8,integrated,cold,nested/H1,snapshot_serialization_mandatory_validation,10,0.20651015000112238,0.19892800000161515,0.21419822500229202
query/q8,integrated,cold,nested/H1,solve_dispatch_mandatory_validation,10,0.01419125000029453,0.01326897500166524,0.014977974999055732
query/q8,integrated,cold,nested/H1,streamed_full_chain_restore_audit,10,0.0014298499991127755,0.001315875005275302,0.0015250500018737512
query/q8,integrated,cold,nested/H1,topology,10,0.0009324499951617327,0.0009010249996208586,0.0009608249974917271
query/q8,integrated,cold,outer,all_requested_topology_readout,10,0.002936500000942033,0.002726250000705477,0.003364799996234069
query/q8,integrated,cold,outer,frontend_manifest_validation,10,0.0005256000076769851,0.0005147250030859141,0.0005822500024805777
query/q8,integrated,cold,outer,full_topology_additional_validated_construction,10,0.053141149999646586,0.05249402499975986,0.05386507499952131
query/q8,integrated,cold,outer,joint_complete_pipeline_with_disjoint_nested_phase_records,10,1.4319009000009828,1.3992278750010883,1.4488233499969283
query/q8,integrated,cold,outer,output_normalization_hash,10,0.00032375000046158675,0.00028797499817301286,0.0003603249997468083
query/q8,integrated,cold,process,end_to_end_seconds,10,1.6503846500017971,1.6391687250006726,1.681496824999158
query/q8,integrated,cold,process,initialization_seconds,10,0.019851099998049904,0.018723924998994335,0.021572524999101006
query/q8,integrated,cold,process,unallocated_seconds,10,0.15454915000555047,0.14209447499979433,0.16472374999193562
query/q8,integrated,warm,outer,conversion_solve_independent_validation_operator_family,10,0.013967950000733254,0.013179200002014113,0.015026900001430477
query/q8,integrated,warm,outer,frontend_manifest_validation,10,0.0001670500005275244,0.00015499999881285476,0.00017357500200887443
query/q8,integrated,warm,outer,output_normalization_hash,10,7.719999848632142e-05,7.357499998761341e-05,8.129999878292438e-05
query/q8,integrated,warm,outer,topology_readout,10,0.0006291499994404148,0.0005998249989715987,0.0007106499997462379
query/q8,integrated,warm,outer,warm_existing_objects_batches_including_first_workspace_preparation,10,0.22877274999882502,0.22306967500117025,0.23572867500206485
query/q8,integrated,warm,process,end_to_end_seconds,10,0.39769109999906505,0.3950130500006708,0.411206450001373
query/q8,integrated,warm,process,initialization_seconds,10,0.0183443999994779,0.017287650000071153,0.020336199998382654
query/q8,native_explicit,cold,nested/H0,barcode_transport_certificates,10,0.01069794999966689,0.010574500001894194,0.011785324999436853
query/q8,native_explicit,cold,nested/H0,class_tracking,10,0.09701415000017732,0.09333177499684098,0.10406677500486694
query/q8,native_explicit,cold,nested/H0,family_validation,10,0.0020127499992668163,0.0018806750031217234,0.002190524999605259
query/q8,native_explicit,cold,nested/H0,geometry_first_including_preparation,10,0.010078399993290077,0.00961950000237266,0.010557274998973298
query/q8,native_explicit,cold,nested/H0,geometry_second,10,0.012460199994166032,0.011291650006569398,0.013550899996516819
query/q8,native_explicit,cold,nested/H0,input_conversion,10,0.0007389500005956506,0.0006961250046515488,0.0008928499973990256
query/q8,native_explicit,cold,nested/H0,operator_mandatory_validation,10,0.008031550001760479,0.00732717499431601,0.00840164999863191
query/q8,native_explicit,cold,nested/H0,restore_geometry_audit,10,0.013577650001025177,0.012585350002154883,0.014174750001984648
query/q8,native_explicit,cold,nested/H0,restore_mandatory_validation,10,0.323017050002818,0.3181938749994515,0.34217907499714784
query/q8,native_explicit,cold,nested/H0,semantic_digest,10,0.0023630499963473994,0.0023498999944422394,0.002465224997649784
query/q8,native_explicit,cold,nested/H0,snapshot_serialization_mandatory_validation,10,0.2839342499992199,0.27635807499700604,0.2940002249997633
query/q8,native_explicit,cold,nested/H0,solve_dispatch_mandatory_validation,10,0.01671964999695774,0.014204475000951788,0.017820774995925603
query/q8,native_explicit,cold,nested/H0,streamed_full_chain_restore_audit,10,0.0007260000038513681,0.0006739250056853052,0.0007705750012974022
query/q8,native_explicit,cold,nested/H0,topology,10,0.00026915000307781156,0.00024994999876071233,0.00030405000234168256
query/q8,native_explicit,cold,nested/H1,barcode_transport_certificates,10,0.007601700001032441,0.0071839999973235535,0.00835405000634637
query/q8,native_explicit,cold,nested/H1,class_tracking,10,0.0934971000006044,0.09059044999776233,0.0989361500069208
query/q8,native_explicit,cold,nested/H1,family_validation,10,0.0022239499994611833,0.001981549999982235,0.0023575499990329263
query/q8,native_explicit,cold,nested/H1,geometry_first_including_preparation,10,0.00838800000201445,0.007728424997367256,0.008649774999867077
query/q8,native_explicit,cold,nested/H1,geometry_second,10,0.010597599999528029,0.010390424994511704,0.01147190000210685
query/q8,native_explicit,cold,nested/H1,input_conversion,10,0.0008500000021740561,0.0008212999955503619,0.0009915499986163923
query/q8,native_explicit,cold,nested/H1,operator_mandatory_validation,10,0.007427650005411124,0.007141849998333782,0.00803284999619791
query/q8,native_explicit,cold,nested/H1,restore_geometry_audit,10,0.01110175000212621,0.010150874997634673,0.011975850001363142
query/q8,native_explicit,cold,nested/H1,restore_mandatory_validation,10,0.223328499998388,0.21841677500196965,0.24065462500129797
query/q8,native_explicit,cold,nested/H1,semantic_digest,10,0.0019398000022192718,0.0018464749973645667,0.002011200004744751
query/q8,native_explicit,cold,nested/H1,snapshot_serialization_mandatory_validation,10,0.1970359999977518,0.18416672499915876,0.2037726999978986
query/q8,native_explicit,cold,nested/H1,solve_dispatch_mandatory_validation,10,0.011744100003852509,0.011429375003899622,0.013001549998080009
query/q8,native_explicit,cold,nested/H1,streamed_full_chain_restore_audit,10,0.00047544999870297033,0.00044785000136471353,0.0004895749998468091
query/q8,native_explicit,cold,nested/H1,topology,10,0.00023669999973208178,0.00021255000228848075,0.0002576750002845074
query/q8,native_explicit,cold,outer,all_requested_topology_readout,10,0.0021756500009360025,0.002069799995297217,0.0022536499991474557
query/q8,native_explicit,cold,outer,frontend_manifest_validation,10,0.0005450000007840572,0.0005034499990870245,0.0006017499954396044
query/q8,native_explicit,cold,outer,full_topology_additional_validated_construction,10,0.05031599999892933,0.04631200000130775,0.05180137500701676
query/q8,native_explicit,cold,outer,joint_complete_pipeline_with_disjoint_nested_phase_records,10,1.3784281999996892,1.3227547999958915,1.415472824999597
query/q8,native_explicit,cold,outer,output_normalization_hash,10,0.00033970000185945537,0.0003124750037386548,0.00035887499689124525
query/q8,native_explicit,cold,process,end_to_end_seconds,10,1.611499399999957,1.5269073750014286,1.6593269499981034
query/q8,native_explicit,cold,process,initialization_seconds,10,0.020773050000570947,0.019516774999829067,0.02182312500099215
query/q8,native_explicit,cold,process,unallocated_seconds,10,0.15196219999961613,0.14076125000065076,0.16045937500439322
query/q8,native_explicit,warm,outer,conversion_solve_independent_validation_operator_family,10,0.01242640000054962,0.011405424999793468,0.013671700000486453
query/q8,native_explicit,warm,outer,frontend_manifest_validation,10,0.0001724499998090323,0.00015987500137271127,0.0001906000015878817
query/q8,native_explicit,warm,outer,output_normalization_hash,10,7.805000313965138e-05,7.572499998786952e-05,8.929999967222102e-05
query/q8,native_explicit,warm,outer,topology_readout,10,0.0004291499990358716,0.0004087000006620656,0.000477050000881718
query/q8,native_explicit,warm,outer,warm_existing_objects_batches_including_first_workspace_preparation,10,0.2164126000006945,0.21211202500126092,0.23040907500035246
query/q8,native_explicit,warm,process,end_to_end_seconds,10,0.4016811500005133,0.37834467500124447,0.4185023000000001
query/q8,native_explicit,warm,process,initialization_seconds,10,0.02015420000134327,0.018348799999330367,0.02151135000076465
query/q8,r0,cold,nested/H0,barcode_transport_certificates,10,0.014965349999329192,0.014390650002496841,0.015393299998322618
query/q8,r0,cold,nested/H0,class_tracking,10,0.10514994999903138,0.10363874999802647,0.10826042499957111
query/q8,r0,cold,nested/H0,family_validation,10,0.0025218000009772368,0.002470700001140358,0.0025810499964791234
query/q8,r0,cold,nested/H0,geometry_first_including_preparation,10,0.006198099998073303,0.005694800000128453,0.006833349997577898
query/q8,r0,cold,nested/H0,geometry_second,10,0.008568000002924236,0.008129324999572418,0.009490274998825043
query/q8,r0,cold,nested/H0,input_conversion,10,0.0007814999989932403,0.00073482500101818,0.0008032000032471842
query/q8,r0,cold,nested/H0,operator_mandatory_validation,10,0.007807899999534129,0.006857024999590067,0.009246599998732563
query/q8,r0,cold,nested/H0,restore_geometry_audit,10,0.009094450000702636,0.008622150000519468,0.010283625001648034
query/q8,r0,cold,nested/H0,restore_mandatory_validation,10,0.31608774999767775,0.30974759999753587,0.32687842500035913
query/q8,r0,cold,nested/H0,semantic_digest,10,0.002403850001428509,0.0021296000022630324,0.0028642749994105543
query/q8,r0,cold,nested/H0,snapshot_serialization_mandatory_validation,10,0.2859951999998884,0.2808128749993557,0.29434814999967784
query/q8,r0,cold,nested/H0,solve_dispatch_mandatory_validation,10,0.01349694999953499,0.012416325002959638,0.014422625000406697
query/q8,r0,cold,nested/H0,streamed_full_chain_restore_audit,10,0.0006669499980489491,0.000632525000582973,0.0008459499995296937
query/q8,r0,cold,nested/H0,topology,10,0.000271100001555169,0.0002367249999224441,0.00029290000111359404
query/q8,r0,cold,nested/H1,barcode_transport_certificates,10,0.010092800004713354,0.009233875000063563,0.010907224998845777
query/q8,r0,cold,nested/H1,class_tracking,10,0.10283179999714775,0.1013552750027884,0.1057063250009378
query/q8,r0,cold,nested/H1,family_validation,10,0.002414399999906891,0.0023360999966826057,0.002588399999694957
query/q8,r0,cold,nested/H1,geometry_first_including_preparation,10,0.007126099997549318,0.006693174997053575,0.0074921500017808285
query/q8,r0,cold,nested/H1,geometry_second,10,0.009283000003051711,0.008606750002400076,0.01039904999834107
query/q8,r0,cold,nested/H1,input_conversion,10,0.0008332999987032963,0.0008052249986576498,0.0009456000016143662
query/q8,r0,cold,nested/H1,operator_mandatory_validation,10,0.007111250000889413,0.006728924999151786,0.007592750002913817
query/q8,r0,cold,nested/H1,restore_geometry_audit,10,0.00911564999842085,0.008798374999969383,0.009686324995527684
query/q8,r0,cold,nested/H1,restore_mandatory_validation,10,0.20847754999704193,0.20533665000039036,0.21871777499836753
query/q8,r0,cold,nested/H1,semantic_digest,10,0.0019274999976914842,0.0018314249964532792,0.0020293749958000262
query/q8,r0,cold,nested/H1,snapshot_serialization_mandatory_validation,10,0.1887616000003618,0.18503577500268875,0.19657102500241308
query/q8,r0,cold,nested/H1,solve_dispatch_mandatory_validation,10,0.013210850001996732,0.012177799999335548,0.014709649995893415
query/q8,r0,cold,nested/H1,streamed_full_chain_restore_audit,10,0.0004575000057229772,0.00043567499869823223,0.00047979999999370193
query/q8,r0,cold,nested/H1,topology,10,0.00020294999922043644,0.0001978250002139248,0.00021682500482711475
query/q8,r0,cold,outer,all_requested_topology_readout,10,0.016614550000667805,0.01604192500053614,0.01679015000081563
query/q8,r0,cold,outer,frontend_manifest_validation,10,0.000539550002940814,0.0005192000016904785,0.0005736250031986856
query/q8,r0,cold,outer,full_topology_additional_validated_construction,10,0.04975970000123198,0.04883295000126964,0.050606025001798116
query/q8,r0,cold,outer,joint_complete_pipeline_with_disjoint_nested_phase_records,10,1.3303887999973085,1.3146439750016725,1.4016520250006579
query/q8,r0,cold,outer,output_normalization_hash,10,0.00033379999695171136,0.000323874999594409,0.00035164999644621275
query/q8,r0,cold,process,end_to_end_seconds,10,1.5570085500003188,1.5436693500014371,1.633205199997974
query/q8,r0,cold,process,initialization_seconds,10,0.018908449999798904,0.0175571250010762,0.019554874997993466
query/q8,r0,cold,process,unallocated_seconds,10,0.14257609999913257,0.13641822500267153,0.15374774999872898
query/q8,r0,warm,outer,conversion_solve_independent_validation_operator_family,10,0.010486449999007164,0.010055424999336537,0.010819400000400492
query/q8,r0,warm,outer,frontend_manifest_validation,10,0.00018260000069858506,0.0001739250010359683,0.0001891250030894298
query/q8,r0,warm,outer,output_normalization_hash,10,7.664999975531828e-05,7.457500305463327e-05,7.824999920558184e-05
query/q8,r0,warm,outer,topology_readout,10,0.003413300000829622,0.0031686000002082437,0.0036891249983455054
query/q8,r0,warm,outer,warm_existing_objects_batches_including_first_workspace_preparation,10,0.23417799999879207,0.22382965000178956,0.2409285000021555
query/q8,r0,warm,process,end_to_end_seconds,10,0.4102768000011565,0.3906300000007832,0.4244410749988674
query/q8,r0,warm,process,initialization_seconds,10,0.01934294999955455,0.018678800002817297,0.020733000001200708
query/q8,reference,cold,nested/H0,barcode_transport_certificates,10,0.01600125000186381,0.014989224998316786,0.016534374998627754
query/q8,reference,cold,nested/H0,class_tracking,10,0.09796775000177149,0.0963747749947288,0.10237629999755882
query/q8,reference,cold,nested/H0,family_validation,10,0.002183700004025013,0.0019269500007794704,0.0024542999990444514
query/q8,reference,cold,nested/H0,geometry_first_including_preparation,10,0.00626044999989972,0.0057283500018456834,0.006665999994766025
query/q8,reference,cold,nested/H0,geometry_second,10,0.008622400000604102,0.00818092499866907,0.009219149998898502
query/q8,reference,cold,nested/H0,input_conversion,10,0.0007665499979339074,0.0006948249993001809,0.0008833500023683882
query/q8,reference,cold,nested/H0,operator_mandatory_validation,10,0.008617350003987667,0.007599099996696168,0.008860350003487838
query/q8,reference,cold,nested/H0,restore_geometry_audit,10,0.00901174999671639,0.00867907500014553,0.009161625004708185
query/q8,reference,cold,nested/H0,restore_mandatory_validation,10,0.32655849999719067,0.3162703250054619,0.34547700000348414
query/q8,reference,cold,nested/H0,semantic_digest,10,0.002423250001811539,0.00227977499980625,0.0024884499989639153
query/q8,reference,cold,nested/H0,snapshot_serialization_mandatory_validation,10,0.2814476000057766,0.2735635500011995,0.30329237499881856
query/q8,reference,cold,nested/H0,solve_dispatch_mandatory_validation,10,0.01607719999810797,0.015018775000498863,0.01651252499777911
query/q8,reference,cold,nested/H0,streamed_full_chain_restore_audit,10,0.0007056500016915379,0.0006860749972474878,0.0007415249983750982
query/q8,reference,cold,nested/H0,topology,10,0.0003161000004183734,0.0002646999992066412,0.00033022500520019094
query/q8,reference,cold,nested/H1,barcode_transport_certificates,10,0.007682550000026822,0.0074257999995097634,0.008238525000706431
query/q8,reference,cold,nested/H1,class_tracking,10,0.09364355000252544,0.08950442499553901,0.10052407500097615
query/q8,reference,cold,nested/H1,family_validation,10,0.0021488499969564145,0.001969525001186412,0.0023354999984803726
query/q8,reference,cold,nested/H1,geometry_first_including_preparation,10,0.007240600005388842,0.0068377249963305076,0.007628725001268322
query/q8,reference,cold,nested/H1,geometry_second,10,0.00913599999876169,0.008335074999195058,0.00940272500156425
query/q8,reference,cold,nested/H1,input_conversion,10,0.0008584499973949278,0.0008218499979193439,0.0008967499970822246
query/q8,reference,cold,nested/H1,operator_mandatory_validation,10,0.007397750001473469,0.007134424999094335,0.007638500001121429
query/q8,reference,cold,nested/H1,restore_geometry_audit,10,0.009049050000612624,0.008790999998382176,0.010240324998449069
query/q8,reference,cold,nested/H1,restore_mandatory_validation,10,0.21797489999880781,0.2135182749998421,0.23804965000181255
query/q8,reference,cold,nested/H1,semantic_digest,10,0.002174350000132108,0.0020540499990602257,0.002274375003253226
query/q8,reference,cold,nested/H1,snapshot_serialization_mandatory_validation,10,0.18993119999868213,0.1830142750068262,0.19729055000334483
query/q8,reference,cold,nested/H1,solve_dispatch_mandatory_validation,10,0.013206700001319405,0.012480925001909782,0.01414914999713801
query/q8,reference,cold,nested/H1,streamed_full_chain_restore_audit,10,0.0005037499995523831,0.0004564750015561003,0.0005670749969794997
query/q8,reference,cold,nested/H1,topology,10,0.00021455000023706816,0.00020399999539222335,0.00022164999882079428
query/q8,reference,cold,outer,all_requested_topology_readout,10,0.0019262500009062933,0.0018011500023931148,0.002144924997992348
query/q8,reference,cold,outer,frontend_manifest_validation,10,0.0005524000043806154,0.0005105500013087294,0.0006117249995440943
query/q8,reference,cold,outer,full_topology_additional_validated_construction,10,0.0484462500007794,0.04697187500096334,0.051172050001696334
query/q8,reference,cold,outer,joint_complete_pipeline_with_disjoint_nested_phase_records,10,1.3405850499984808,1.3035186250026527,1.4349343499980023
query/q8,reference,cold,outer,output_normalization_hash,10,0.0002878499981306959,0.0002738250013862853,0.0003884999996444094
query/q8,reference,cold,process,end_to_end_seconds,10,1.5698910000010073,1.5229753499970684,1.6679440499983684
query/q8,reference,cold,process,initialization_seconds,10,0.020661899998231092,0.019768450000810844,0.02110255000025063
query/q8,reference,cold,process,unallocated_seconds,10,0.15394415000446315,0.14605372499954683,0.15978795000410173
query/q8,reference,warm,outer,conversion_solve_independent_validation_operator_family,10,0.010578350000287173,0.010312349998457648,0.01100010000027396
query/q8,reference,warm,outer,frontend_manifest_validation,10,0.00016200000027311035,0.00015987500137271127,0.00016850000156409806
query/q8,reference,warm,outer,output_normalization_hash,10,7.9100000220933e-05,7.710000136285089e-05,9.272500028600916e-05
query/q8,reference,warm,outer,topology_readout,10,0.0004330499996285653,0.00043132500013598474,0.0004619999999704305
query/q8,reference,warm,outer,warm_existing_objects_batches_including_first_workspace_preparation,10,0.20500685000115482,0.2020324499999333,0.2104952500003492
query/q8,reference,warm,process,end_to_end_seconds,10,0.37526565000007395,0.3695139500005098,0.3865601499983313
query/q8,reference,warm,process,initialization_seconds,10,0.02025934999983292,0.01780999999937194,0.022360875000231317
small_beta/grid_10x2/Topology,gudhi,cold,outer,explicit_frontend_ph_and_input_audit,10,0.06484739999905287,0.06293785000161733,0.07272447499963164
small_beta/grid_10x2/Topology,gudhi,cold,outer,frontend_manifest_validation,10,0.00041680000140331686,0.0003680500003611087,0.0005128499988131807
small_beta/grid_10x2/Topology,gudhi,cold,outer,output_normalization_hash,10,1.4500001270789653e-05,1.3625000974570867e-05,1.5324998457799666e-05
small_beta/grid_10x2/Topology,gudhi,cold,outer,topology_readout,10,2.950000634882599e-06,2.725001650105696e-06,3.0999981390777975e-06
small_beta/grid_10x2/Topology,gudhi,cold,process,end_to_end_seconds,10,0.20888009999907808,0.20491507499991712,0.22421265000048152
small_beta/grid_10x2/Topology,gudhi,cold,process,initialization_seconds,10,0.0039776499979780056,0.0037649499990948243,0.004427900002156093
small_beta/grid_10x2/Topology,gudhi,cold,process,unallocated_seconds,10,0.13999424999565235,0.1386327500013067,0.14684362500247516
small_beta/grid_10x2/Topology,gudhi,warm,outer,explicit_frontend_ph_and_input_audit,10,0.07021584999893093,0.06359544999941136,0.07374432499909744
small_beta/grid_10x2/Topology,gudhi,warm,outer,frontend_manifest_validation,10,0.0004139000011491589,0.0003793499981838977,0.0004626749996532453
small_beta/grid_10x2/Topology,gudhi,warm,outer,output_normalization_hash,10,1.0600000678095967e-05,9.900000804918818e-06,1.0874999134102836e-05
small_beta/grid_10x2/Topology,gudhi,warm,outer,topology_readout,10,0.00010320000001229346,9.539999973640079e-05,0.00010859999838430667
small_beta/grid_10x2/Topology,gudhi,warm,outer,warm_existing_objects_batches_including_first_workspace_preparation,10,0.00046255000052042305,0.0004517250017670449,0.0004985000014130492
small_beta/grid_10x2/Topology,gudhi,warm,process,end_to_end_seconds,10,0.21943690000261995,0.21117092500026047,0.23739202500200918
small_beta/grid_10x2/Topology,gudhi,warm,process,initialization_seconds,10,0.00464405000093393,0.004109574997528398,0.004834299999856739
small_beta/grid_10x2/Topology,integrated,cold,outer,conversion_solve_independent_validation_operator_family,10,0.23136410000006435,0.22264712499963935,0.2471839000008913
small_beta/grid_10x2/Topology,integrated,cold,outer,frontend_manifest_validation,10,0.0004016499988210853,0.0003920250010196469,0.0004327750020820531
small_beta/grid_10x2/Topology,integrated,cold,outer,output_normalization_hash,10,9.78499992925208e-05,9.44500015975791e-05,0.00010914999802480452
small_beta/grid_10x2/Topology,integrated,cold,outer,topology_readout,10,0.016913999999815132,0.016462274998048088,0.0183472749986322
small_beta/grid_10x2/Topology,integrated,cold,process,end_to_end_seconds,10,0.410178949998226,0.3931179749979492,0.4470101999986582
small_beta/grid_10x2/Topology,integrated,cold,process,initialization_seconds,10,0.02088010000079521,0.020456225000089034,0.02223499999854539
small_beta/grid_10x2/Topology,integrated,cold,process,unallocated_seconds,10,0.14297464999799558,0.13156390000222018,0.1527077000000645
small_beta/grid_10x2/Topology,integrated,warm,outer,conversion_solve_independent_validation_operator_family,10,0.23728914999992412,0.22997754999960307,0.25145257499843865
small_beta/grid_10x2/Topology,integrated,warm,outer,frontend_manifest_validation,10,0.0004439000003912952,0.0004011750024801586,0.0004682749986386625
small_beta/grid_10x2/Topology,integrated,warm,outer,output_normalization_hash,10,7.804999950167257e-05,7.47500016586855e-05,8.384999819099903e-05
small_beta/grid_10x2/Topology,integrated,warm,outer,topology_readout,10,0.016749300000810763,0.01601487500101939,0.017740049999702023
small_beta/grid_10x2/Topology,integrated,warm,outer,warm_existing_objects_batches_including_first_workspace_preparation,10,0.002249350000056438,0.0022193250015334343,0.002424299999802315
small_beta/grid_10x2/Topology,integrated,warm,process,end_to_end_seconds,10,0.4254199000006338,0.40471387499746925,0.4318617250009993
small_beta/grid_10x2/Topology,integrated,warm,process,initialization_seconds,10,0.019522549999237526,0.01861612500033516,0.020505875001617824
small_beta/grid_10x2/Topology,r0,cold,outer,conversion_solve_independent_validation_operator_family,10,0.16764219999822672,0.16204220000054192,0.17146750000028987
small_beta/grid_10x2/Topology,r0,cold,outer,frontend_manifest_validation,10,0.00039119999928516336,0.0003804500001933775,0.0004270999979780754
small_beta/grid_10x2/Topology,r0,cold,outer,output_normalization_hash,10,9.999999929277692e-05,9.337500159745105e-05,0.00010685000233934261
small_beta/grid_10x2/Topology,r0,cold,outer,topology_readout,10,0.04236789999959001,0.041860650001581234,0.044688749999295396
small_beta/grid_10x2/Topology,r0,cold,process,end_to_end_seconds,10,0.36153994999949646,0.3527011500000299,0.37637295000240556
small_beta/grid_10x2/Topology,r0,cold,process,initialization_seconds,10,0.017082899999877554,0.016836624999996275,0.018543749999480497
small_beta/grid_10x2/Topology,r0,cold,process,unallocated_seconds,10,0.13610834999963117,0.13007247499899677,0.14418332500463293
small_beta/grid_10x2/Topology,r0,warm,outer,conversion_solve_independent_validation_operator_family,10,0.171697050000148,0.16742845000044326,0.17742004999945493
small_beta/grid_10x2/Topology,r0,warm,outer,frontend_manifest_validation,10,0.00041185000009136274,0.0003850499997497536,0.00047015000018291175
small_beta/grid_10x2/Topology,r0,warm,outer,output_normalization_hash,10,9.189999946102034e-05,8.119999984046444e-05,0.0001081749987861258
small_beta/grid_10x2/Topology,r0,warm,outer,topology_readout,10,0.044366049998643575,0.04242994999913208,0.046202925000216055
small_beta/grid_10x2/Topology,r0,warm,outer,warm_existing_objects_batches_including_first_workspace_preparation,10,0.004843650000111666,0.004555025000627211,0.005125174999193405
small_beta/grid_10x2/Topology,r0,warm,process,end_to_end_seconds,10,0.3818940500004828,0.37051837499893736,0.39856964999853517
small_beta/grid_10x2/Topology,r0,warm,process,initialization_seconds,10,0.019410500000958564,0.01763597499939351,0.019658125001114968
small_beta/grid_10x2/Topology,reference,cold,outer,conversion_solve_independent_validation_operator_family,10,0.16242930000043998,0.16184409999823401,0.16434039999967354
small_beta/grid_10x2/Topology,reference,cold,outer,frontend_manifest_validation,10,0.00042114999996556435,0.0003865250000671949,0.00043207500129938126
small_beta/grid_10x2/Topology,reference,cold,outer,output_normalization_hash,10,8.735000119486358e-05,8.612499823357211e-05,8.919999982026638e-05
small_beta/grid_10x2/Topology,reference,cold,outer,topology_readout,10,0.0030002000003150897,0.0029551000015999307,0.003618075001213583
small_beta/grid_10x2/Topology,reference,cold,process,end_to_end_seconds,10,0.3256567000007635,0.3150831000020844,0.3342138999996678
small_beta/grid_10x2/Topology,reference,cold,process,initialization_seconds,10,0.019210549999115756,0.01816812499964726,0.020629924999411742
small_beta/grid_10x2/Topology,reference,cold,process,unallocated_seconds,10,0.1403317500025878,0.13296812500084343,0.14750952500162384
small_beta/grid_10x2/Topology,reference,warm,outer,conversion_solve_independent_validation_operator_family,10,0.16871290000017325,0.16262312499929976,0.1747365000019272
small_beta/grid_10x2/Topology,reference,warm,outer,frontend_manifest_validation,10,0.00041274999966844916,0.00038419999964389717,0.0004963250012224307
small_beta/grid_10x2/Topology,reference,warm,outer,output_normalization_hash,10,8.425000123679638e-05,7.58500009396812e-05,8.765000075072749e-05
small_beta/grid_10x2/Topology,reference,warm,outer,topology_readout,10,0.003219749998606858,0.002977725000164355,0.003280150002865412
small_beta/grid_10x2/Topology,reference,warm,outer,warm_existing_objects_batches_including_first_workspace_preparation,10,0.002268199998070486,0.00206264999906125,0.002644224998221034
small_beta/grid_10x2/Topology,reference,warm,process,end_to_end_seconds,10,0.3392297000009421,0.32038892500258953,0.35723555000004126
small_beta/grid_10x2/Topology,reference,warm,process,initialization_seconds,10,0.021067100000436767,0.019276725001873274,0.022552374997758307
small_beta/grid_18x2/Topology,gudhi,cold,outer,explicit_frontend_ph_and_input_audit,10,0.06657269999959681,0.06451407499935158,0.0691316000002189
small_beta/grid_18x2/Topology,gudhi,cold,outer,frontend_manifest_validation,10,0.0006087499987188494,0.0005723750009565265,0.0006606500010093441
small_beta/grid_18x2/Topology,gudhi,cold,outer,output_normalization_hash,10,1.610000072105322e-05,1.4575000022887252e-05,1.6749998394516297e-05
small_beta/grid_18x2/Topology,gudhi,cold,outer,topology_readout,10,3.1500003387918696e-06,2.950000634882599e-06,3.300002390460577e-06
small_beta/grid_18x2/Topology,gudhi,cold,process,end_to_end_seconds,10,0.21147580000069865,0.20560609999938606,0.2247955250004452
small_beta/grid_18x2/Topology,gudhi,cold,process,initialization_seconds,10,0.004334149998612702,0.0038842500007376657,0.004756199999974342
small_beta/grid_18x2/Topology,gudhi,cold,process,unallocated_seconds,10,0.14119389999905252,0.13750199999958568,0.15135304999967047
small_beta/grid_18x2/Topology,gudhi,warm,outer,explicit_frontend_ph_and_input_audit,10,0.0643000000018219,0.06276049999996758,0.06611189999966882
small_beta/grid_18x2/Topology,gudhi,warm,outer,frontend_manifest_validation,10,0.000592650001635775,0.0005761499987784191,0.0006199000008564326
small_beta/grid_18x2/Topology,gudhi,warm,outer,output_normalization_hash,10,1.1000000085914508e-05,1.0124999789695721e-05,1.1825000001408625e-05
small_beta/grid_18x2/Topology,gudhi,warm,outer,topology_readout,10,0.0001422000004822621,0.00013492500056599965,0.00015734999851702014
small_beta/grid_18x2/Topology,gudhi,warm,outer,warm_existing_objects_batches_including_first_workspace_preparation,10,0.0006886999999551335,0.0006453500027419068,0.000729700000192679
small_beta/grid_18x2/Topology,gudhi,warm,process,end_to_end_seconds,10,0.20677484999941953,0.20118614999773854,0.2183798999985811
small_beta/grid_18x2/Topology,gudhi,warm,process,initialization_seconds,10,0.004004599999461789,0.003863375001856184,0.004676024999753281
small_beta/grid_18x2/Topology,integrated,cold,outer,conversion_solve_independent_validation_operator_family,10,0.9936336499995377,0.9715895000008459,0.9950723749989265
small_beta/grid_18x2/Topology,integrated,cold,outer,frontend_manifest_validation,10,0.0006198499995662132,0.0006009750004523084,0.0006607749992326717
small_beta/grid_18x2/Topology,integrated,cold,outer,output_normalization_hash,10,0.00010130000191566069,9.57750025918358e-05,0.00010569999903964344
small_beta/grid_18x2/Topology,integrated,cold,outer,topology_readout,10,0.07531840000046941,0.07235417500032781,0.07833610000125191
small_beta/grid_18x2/Topology,integrated,cold,process,end_to_end_seconds,10,1.233156450000024,1.2005777249978564,1.245341399998324
small_beta/grid_18x2/Topology,integrated,cold,process,initialization_seconds,10,0.019919349997508107,0.0189430500013259,0.020680575001279067
small_beta/grid_18x2/Topology,integrated,cold,process,unallocated_seconds,10,0.1411153999979433,0.13550979999854462,0.14474387500285957
small_beta/grid_18x2/Topology,integrated,warm,outer,conversion_solve_independent_validation_operator_family,10,1.0365023499998642,0.9942998499973328,1.0689707249985076
small_beta/grid_18x2/Topology,integrated,warm,outer,frontend_manifest_validation,10,0.0006665499986411305,0.0006057000009604963,0.0006960000000617583
small_beta/grid_18x2/Topology,integrated,warm,outer,output_normalization_hash,10,8.045000140555203e-05,7.33500000933418e-05,8.480000087729422e-05
small_beta/grid_18x2/Topology,integrated,warm,outer,topology_readout,10,0.07966845000191825,0.07475892499860493,0.08422382499884407
small_beta/grid_18x2/Topology,integrated,warm,outer,warm_existing_objects_batches_including_first_workspace_preparation,10,0.0028682499996648403,0.0026461499983270187,0.002972949998365948
small_beta/grid_18x2/Topology,integrated,warm,process,end_to_end_seconds,10,1.290037349999693,1.2369768749995274,1.332048174999727
small_beta/grid_18x2/Topology,integrated,warm,process,initialization_seconds,10,0.02048319999994419,0.018459449999681965,0.021895375001804496
small_beta/grid_18x2/Topology,r0,cold,outer,conversion_solve_independent_validation_operator_family,10,0.7394478499991237,0.724753724999573,0.7751593749999302
small_beta/grid_18x2/Topology,r0,cold,outer,frontend_manifest_validation,10,0.0006458000007114606,0.000576925000132178,0.0007713000022704364
small_beta/grid_18x2/Topology,r0,cold,outer,output_normalization_hash,10,9.920000047713984e-05,9.01749999684398e-05,0.00011020000147254905
small_beta/grid_18x2/Topology,r0,cold,outer,topology_readout,10,0.1632334500009165,0.16206944999976258,0.1713906249988213
small_beta/grid_18x2/Topology,r0,cold,process,end_to_end_seconds,10,1.0571025500012183,1.0463926499987792,1.11574230000042
small_beta/grid_18x2/Topology,r0,cold,process,initialization_seconds,10,0.018479399999705493,0.0171285500000522,0.019469699999717704
small_beta/grid_18x2/Topology,r0,cold,process,unallocated_seconds,10,0.13679245000093943,0.132928200000606,0.14692535000085627
small_beta/grid_18x2/Topology,r0,warm,outer,conversion_solve_independent_validation_operator_family,10,0.7356503500013787,0.7244976749998386,0.7629791999997906
small_beta/grid_18x2/Topology,r0,warm,outer,frontend_manifest_validation,10,0.0006299500000750413,0.0005848999990121229,0.0006904000019858358
small_beta/grid_18x2/Topology,r0,warm,outer,output_normalization_hash,10,7.33499982743524e-05,6.895000115036964e-05,8.137499844451668e-05
small_beta/grid_18x2/Topology,r0,warm,outer,topology_readout,10,0.16584080000029644,0.16331970000010188,0.17345372500039957
small_beta/grid_18x2/Topology,r0,warm,outer,warm_existing_objects_batches_including_first_workspace_preparation,10,0.004612599999745726,0.00444872500065685,0.005053224998846417
small_beta/grid_18x2/Topology,r0,warm,process,end_to_end_seconds,10,1.0603017499997804,1.0436050000007526,1.1048284000025888
small_beta/grid_18x2/Topology,r0,warm,process,initialization_seconds,10,0.019086550000793068,0.017802250002205255,0.021110900001076516
small_beta/grid_18x2/Topology,reference,cold,outer,conversion_solve_independent_validation_operator_family,10,0.7376250999986951,0.7058369249998577,0.7708579249983813
small_beta/grid_18x2/Topology,reference,cold,outer,frontend_manifest_validation,10,0.0006410499991034158,0.0006174250002004555,0.00070270000196615
small_beta/grid_18x2/Topology,reference,cold,outer,output_normalization_hash,10,9.934999980032444e-05,9.4600000011269e-05,0.00010560000100667821
small_beta/grid_18x2/Topology,reference,cold,outer,topology_readout,10,0.012957000000824337,0.01263469999867084,0.013382524999542511
small_beta/grid_18x2/Topology,reference,cold,process,end_to_end_seconds,10,0.9125906999997824,0.8775344250007038,0.961565800000244
small_beta/grid_18x2/Topology,reference,cold,process,initialization_seconds,10,0.019481050001559197,0.018377125000370143,0.02121667500159674
small_beta/grid_18x2/Topology,reference,cold,process,unallocated_seconds,10,0.14759170000070299,0.1353350249964933,0.15334557499954826
small_beta/grid_18x2/Topology,reference,warm,outer,conversion_solve_independent_validation_operator_family,10,0.7128474500004813,0.6839935500011052,0.7193357249998371
small_beta/grid_18x2/Topology,reference,warm,outer,frontend_manifest_validation,10,0.0006166999992274214,0.0005809499998576939,0.0006700499980070163
small_beta/grid_18x2/Topology,reference,warm,outer,output_normalization_hash,10,7.74000000092201e-05,7.570000070700189e-05,7.934999757708283e-05
small_beta/grid_18x2/Topology,reference,warm,outer,topology_readout,10,0.012120650000724709,0.011775424999541428,0.013049699999100994
small_beta/grid_18x2/Topology,reference,warm,outer,warm_existing_objects_batches_including_first_workspace_preparation,10,0.0028461000001698267,0.0027416000011726283,0.0031253500001184875
small_beta/grid_18x2/Topology,reference,warm,process,end_to_end_seconds,10,0.877546749999965,0.8504398250006489,0.8937265999993542
small_beta/grid_18x2/Topology,reference,warm,process,initialization_seconds,10,0.01880804999927932,0.017703175002679927,0.020859524999650603
vr/circle_10/Topology,edge_collapse,cold,outer,explicit_frontend_ph_and_input_audit,10,0.06574125000042841,0.058370399997329514,0.0685628999981418
vr/circle_10/Topology,edge_collapse,cold,outer,frontend_manifest_validation,10,0.00037775000055262353,0.00034884999786299886,0.0005859249986315263
vr/circle_10/Topology,edge_collapse,cold,outer,output_normalization_hash,10,2.635000055306591e-05,2.5850000383798033e-05,2.6474998776393477e-05
vr/circle_10/Topology,edge_collapse,cold,outer,topology_readout,10,2.9499988158931956e-06,2.9000002541579306e-06,3.1000017770566046e-06
vr/circle_10/Topology,edge_collapse,cold,process,end_to_end_seconds,10,0.21523514999898907,0.19785062500068307,0.22355694999805564
vr/circle_10/Topology,edge_collapse,cold,process,initialization_seconds,10,0.0041868499993142905,0.003918400001566624,0.004429474999597005
vr/circle_10/Topology,edge_collapse,cold,process,unallocated_seconds,10,0.14323055000022578,0.1357084000001123,0.14983634999771311
vr/circle_10/Topology,gudhi,cold,outer,explicit_frontend_ph_and_input_audit,10,0.06452410000019881,0.06211130000065168,0.06637284999942494
vr/circle_10/Topology,gudhi,cold,outer,frontend_manifest_validation,10,0.0003235499989386881,0.0003164250010740943,0.0003398749995540129
vr/circle_10/Topology,gudhi,cold,outer,output_normalization_hash,10,1.4449999071075581e-05,1.4000001101521775e-05,1.5499999790336005e-05
vr/circle_10/Topology,gudhi,cold,outer,topology_readout,10,2.999999196617864e-06,2.824999683070928e-06,3.250000190746505e-06
vr/circle_10/Topology,gudhi,cold,process,end_to_end_seconds,10,0.20482989999982237,0.19989285000065138,0.21079939999890485
vr/circle_10/Topology,gudhi,cold,process,initialization_seconds,10,0.004280549999748473,0.0038036749992897967,0.004610800000591553
vr/circle_10/Topology,gudhi,cold,process,unallocated_seconds,10,0.13471914999900036,0.1337420000008933,0.14218899999832502
vr/circle_10/Topology,gudhi,warm,outer,explicit_frontend_ph_and_input_audit,10,0.06524340000214579,0.06271894999736105,0.06702135000068665
vr/circle_10/Topology,gudhi,warm,outer,frontend_manifest_validation,10,0.00038004999987606425,0.0003378999990673037,0.0003920999997717445
vr/circle_10/Topology,gudhi,warm,outer,output_normalization_hash,10,1.1500000255182385e-05,9.599997611076105e-06,1.3949999811302405e-05
vr/circle_10/Topology,gudhi,warm,outer,topology_readout,10,6.465000114985742e-05,6.237500019778963e-05,7.824999920558184e-05
vr/circle_10/Topology,gudhi,warm,outer,warm_existing_objects_batches_including_first_workspace_preparation,10,0.00032344999999622814,0.00026825000259123044,0.00037914999938948313
vr/circle_10/Topology,gudhi,warm,process,end_to_end_seconds,10,0.20905055000002903,0.20556630000100995,0.22066157500012196
vr/circle_10/Topology,gudhi,warm,process,initialization_seconds,10,0.0038957500000833534,0.003846099998554564,0.004271275001883623
vr/circle_10/Topology,integrated,cold,outer,conversion_solve_independent_validation_operator_family,10,0.0548018499976024,0.05275244999847928,0.05633525000030204
vr/circle_10/Topology,integrated,cold,outer,frontend_manifest_validation,10,0.00036394999915501103,0.0003269499993621139,0.0003771999990931363
vr/circle_10/Topology,integrated,cold,outer,output_normalization_hash,10,9.27500004763715e-05,8.1900001532631e-05,9.885000235954067e-05
vr/circle_10/Topology,integrated,cold,outer,topology_readout,10,0.0032290000017383136,0.0029130250004527625,0.0036661250005636248
vr/circle_10/Topology,integrated,cold,process,end_to_end_seconds,10,0.21864190000087547,0.21131245000015042,0.22881302499990852
vr/circle_10/Topology,integrated,cold,process,initialization_seconds,10,0.020240699999703793,0.01785482500145008,0.02128797500154178
vr/circle_10/Topology,integrated,cold,process,unallocated_seconds,10,0.1396708000011131,0.13552912500199454,0.1455582749995301
vr/circle_10/Topology,integrated,warm,outer,conversion_solve_independent_validation_operator_family,10,0.05670644999918295,0.053808974999810744,0.05773242500163178
vr/circle_10/Topology,integrated,warm,outer,frontend_manifest_validation,10,0.0003453500012255972,0.0003212750007151044,0.0003714499989655451
vr/circle_10/Topology,integrated,warm,outer,output_normalization_hash,10,7.625000034749974e-05,7.199999981821747e-05,8.034999973460799e-05
vr/circle_10/Topology,integrated,warm,outer,topology_readout,10,0.0029576500000985106,0.002912899999500951,0.003029424999112962
vr/circle_10/Topology,integrated,warm,outer,warm_existing_objects_batches_including_first_workspace_preparation,10,0.001652549999562325,0.0015571999983876594,0.001716974999908416
vr/circle_10/Topology,integrated,warm,process,end_to_end_seconds,10,0.21519624999928055,0.20879067500027304,0.2294356250013152
vr/circle_10/Topology,integrated,warm,process,initialization_seconds,10,0.018292099997779587,0.017898800000693882,0.0201431000014054
vr/circle_10/Topology,r0,cold,outer,conversion_solve_independent_validation_operator_family,10,0.041169550000631716,0.03995715000110067,0.04163072500159615
vr/circle_10/Topology,r0,cold,outer,frontend_manifest_validation,10,0.00034484999923733994,0.0003177999988110969,0.00036129999989498174
vr/circle_10/Topology,r0,cold,outer,output_normalization_hash,10,8.689999958733097e-05,8.215000252675964e-05,9.59999997576233e-05
vr/circle_10/Topology,r0,cold,outer,topology_readout,10,0.009402899999258807,0.008748424997975235,0.01010077499995532
vr/circle_10/Topology,r0,cold,process,end_to_end_seconds,10,0.20539889999963634,0.19934149999789952,0.2070868500004508
vr/circle_10/Topology,r0,cold,process,initialization_seconds,10,0.018218749999505235,0.016999350002151914,0.018857899999602523
vr/circle_10/Topology,r0,cold,process,unallocated_seconds,10,0.13411450000057812,0.13126879999890662,0.13961860000017623
vr/circle_10/Topology,r0,warm,outer,conversion_solve_independent_validation_operator_family,10,0.03998854999917967,0.037618225001097017,0.041009875000781904
vr/circle_10/Topology,r0,warm,outer,frontend_manifest_validation,10,0.00033880000046337955,0.00032824999834701885,0.0003660749989649048
vr/circle_10/Topology,r0,warm,outer,output_normalization_hash,10,7.020000157353934e-05,6.712499816785567e-05,7.852499948057812e-05
vr/circle_10/Topology,r0,warm,outer,topology_readout,10,0.009410399999978836,0.008464225000352599,0.010126324998964265
vr/circle_10/Topology,r0,warm,outer,warm_existing_objects_batches_including_first_workspace_preparation,10,0.004328600000008009,0.004069650001838454,0.0046858749992679805
vr/circle_10/Topology,r0,warm,process,end_to_end_seconds,10,0.2063161999994918,0.20144892499865819,0.21406932499940012
vr/circle_10/Topology,r0,warm,process,initialization_seconds,10,0.0181174999979703,0.016653724999741826,0.01987657500012574
vr/circle_10/Topology,reference,cold,outer,conversion_solve_independent_validation_operator_family,10,0.042823699999644305,0.04076769999755925,0.04347250000046188
vr/circle_10/Topology,reference,cold,outer,frontend_manifest_validation,10,0.00037150000025576446,0.0003511500008244184,0.0003984500008300529
vr/circle_10/Topology,reference,cold,outer,output_normalization_hash,10,8.125000204017852e-05,8.010000055946875e-05,8.524999975634273e-05
vr/circle_10/Topology,reference,cold,outer,topology_readout,10,0.0007707000004302245,0.000763174997700844,0.0008157750016835053
vr/circle_10/Topology,reference,cold,process,end_to_end_seconds,10,0.2107898499998555,0.1958723749994533,0.22191465000014432
vr/circle_10/Topology,reference,cold,process,initialization_seconds,10,0.02016754999931436,0.019294174999231473,0.0219582999989143
vr/circle_10/Topology,reference,cold,process,unallocated_seconds,10,0.14612524999756715,0.13327457500054152,0.15261212499626708
vr/circle_10/Topology,reference,warm,outer,conversion_solve_independent_validation_operator_family,10,0.04169430000001739,0.0394559999995181,0.04305652499988355
vr/circle_10/Topology,reference,warm,outer,frontend_manifest_validation,10,0.00036539999928209,0.0003347000001667766,0.00039622500116820447
vr/circle_10/Topology,reference,warm,outer,output_normalization_hash,10,7.529999857069924e-05,6.722500165778911e-05,7.74749996708124e-05
vr/circle_10/Topology,reference,warm,outer,topology_readout,10,0.0008049499992921483,0.000722999999197782,0.000844824999148841
vr/circle_10/Topology,reference,warm,outer,warm_existing_objects_batches_including_first_workspace_preparation,10,0.001689250000708853,0.0015087749998201616,0.001735249999910593
vr/circle_10/Topology,reference,warm,process,end_to_end_seconds,10,0.20592459999897983,0.19528475000242906,0.21740204999787238
vr/circle_10/Topology,reference,warm,process,initialization_seconds,10,0.020626900000934256,0.017490550000729854,0.021169624998947256
vr/circle_10/Topology,rips_persistence,cold,outer,explicit_frontend_ph_and_input_audit,10,0.6090126500002953,0.5902333500016539,0.6445642999988195
vr/circle_10/Topology,rips_persistence,cold,outer,frontend_manifest_validation,10,0.0003399500019440893,0.00031932499950926285,0.0003508749996399274
vr/circle_10/Topology,rips_persistence,cold,outer,output_normalization_hash,10,2.59000007645227e-05,2.4949999897216912e-05,2.7824999051517807e-05
vr/circle_10/Topology,rips_persistence,cold,outer,topology_readout,10,3.0000010156072676e-06,2.9000002541579306e-06,3.2749994716141373e-06
vr/circle_10/Topology,rips_persistence,cold,process,end_to_end_seconds,10,0.830437599999641,0.7959525999995094,0.8624617750019752
vr/circle_10/Topology,rips_persistence,cold,process,initialization_seconds,10,0.004358500000307686,0.004072824999639124,0.004814125000848435
vr/circle_10/Topology,rips_persistence,cold,process,unallocated_seconds,10,0.20644060000086029,0.20145719999891298,0.218314925001323
vr/circle_18/Topology,edge_collapse,cold,outer,explicit_frontend_ph_and_input_audit,10,0.06323320000228705,0.06214490000184014,0.0681340499986618
vr/circle_18/Topology,edge_collapse,cold,outer,frontend_manifest_validation,10,0.0007262999988597585,0.0006784749994039885,0.0007535249997090432
vr/circle_18/Topology,edge_collapse,cold,outer,output_normalization_hash,10,2.9499999072868377e-05,2.5825002012425102e-05,3.317500068078516e-05
vr/circle_18/Topology,edge_collapse,cold,outer,topology_readout,10,3.2999996619764715e-06,3.1249983294401318e-06,3.974999344791286e-06
vr/circle_18/Topology,edge_collapse,cold,process,end_to_end_seconds,10,0.21211795000090206,0.2084227750019636,0.22004494999691815
vr/circle_18/Topology,edge_collapse,cold,process,initialization_seconds,10,0.004244699999617296,0.003971274999457819,0.004565925000861171
vr/circle_18/Topology,edge_collapse,cold,process,unallocated_seconds,10,0.14385649999894667,0.14135834999706276,0.14666767500330025
vr/circle_18/Topology,gudhi,cold,outer,explicit_frontend_ph_and_input_audit,10,0.0686055000005581,0.06466264999835403,0.0718714499989801
vr/circle_18/Topology,gudhi,cold,outer,frontend_manifest_validation,10,0.0007394999993266538,0.0006729750002705259,0.0007774500008963514
vr/circle_18/Topology,gudhi,cold,outer,output_normalization_hash,10,1.6199999663513154e-05,1.5649999113520607e-05,1.8050002836389467e-05
vr/circle_18/Topology,gudhi,cold,outer,topology_readout,10,3.399998604436405e-06,3.1500012482865714e-06,3.4750009945128113e-06
vr/circle_18/Topology,gudhi,cold,process,end_to_end_seconds,10,0.22259304999897722,0.21066062499903637,0.22834509999847796
vr/circle_18/Topology,gudhi,cold,process,initialization_seconds,10,0.004148749998421408,0.003928449999875738,0.004547675001049356
vr/circle_18/Topology,gudhi,cold,process,unallocated_seconds,10,0.14901869999448536,0.13981922499897337,0.15391429999908723
vr/circle_18/Topology,gudhi,warm,outer,explicit_frontend_ph_and_input_audit,10,0.0681815000007191,0.06590022499767656,0.07026439999845024
vr/circle_18/Topology,gudhi,warm,outer,frontend_manifest_validation,10,0.0007421000009344425,0.0007163750024119508,0.0008111000015560421
vr/circle_18/Topology,gudhi,warm,outer,output_normalization_hash,10,1.06999996205559e-05,1.0100000508828089e-05,1.122499907069141e-05
vr/circle_18/Topology,gudhi,warm,outer,topology_readout,10,7.720000212430023e-05,7.582500165881356e-05,8.600000001024455e-05
vr/circle_18/Topology,gudhi,warm,outer,warm_existing_objects_batches_including_first_workspace_preparation,10,0.0003585499998735031,0.00033569999777682824,0.0003694749984788359
vr/circle_18/Topology,gudhi,warm,process,end_to_end_seconds,10,0.22042689999943832,0.21493612499762094,0.22932009999840375
vr/circle_18/Topology,gudhi,warm,process,initialization_seconds,10,0.004477500000575674,0.004225199999382312,0.004651950001971272
vr/circle_18/Topology,integrated,cold,outer,conversion_solve_independent_validation_operator_family,10,0.3962274500008789,0.3937651000005644,0.40659647499887797
vr/circle_18/Topology,integrated,cold,outer,frontend_manifest_validation,10,0.0006912999997439329,0.0006660500012003467,0.0007278749981196597
vr/circle_18/Topology,integrated,cold,outer,output_normalization_hash,10,9.834999946178868e-05,9.287500051868847e-05,0.00012402500124153448
vr/circle_18/Topology,integrated,cold,outer,topology_readout,10,0.023997049998797593,0.023314175000450632,0.024836699998559197
vr/circle_18/Topology,integrated,cold,process,end_to_end_seconds,10,0.5772818500008725,0.5732462000005398,0.6152315249983076
vr/circle_18/Topology,integrated,cold,process,initialization_seconds,10,0.019281349997982034,0.017790950000744488,0.020678274998317647
vr/circle_18/Topology,integrated,cold,process,unallocated_seconds,10,0.1414462500015361,0.13444047500433953,0.14718750000156433
vr/circle_18/Topology,integrated,warm,outer,conversion_solve_independent_validation_operator_family,10,0.40442144999906304,0.3976998750013081,0.41511440000067523
vr/circle_18/Topology,integrated,warm,outer,frontend_manifest_validation,10,0.0007410499983961927,0.0006672750014331541,0.0007593499994982267
vr/circle_18/Topology,integrated,warm,outer,output_normalization_hash,10,7.765000191284344e-05,7.58500009396812e-05,8.35999990158598e-05
vr/circle_18/Topology,integrated,warm,outer,topology_readout,10,0.023148400001446134,0.022306849999949918,0.024683300001015596
vr/circle_18/Topology,integrated,warm,outer,warm_existing_objects_batches_including_first_workspace_preparation,10,0.001802950000637793,0.001785624997864943,0.002043224998487858
vr/circle_18/Topology,integrated,warm,process,end_to_end_seconds,10,0.5884630999989895,0.5809196499985774,0.612580800001524
vr/circle_18/Topology,integrated,warm,process,initialization_seconds,10,0.019950500000049942,0.018763050000416115,0.02121524999893154
vr/circle_18/Topology,r0,cold,outer,conversion_solve_independent_validation_operator_family,10,0.34906054999919434,0.3405728249981621,0.35717462500088004
vr/circle_18/Topology,r0,cold,outer,frontend_manifest_validation,10,0.0007086000005074311,0.0006503000013253768,0.0007901250000941218
vr/circle_18/Topology,r0,cold,outer,output_normalization_hash,10,8.990000060293823e-05,8.759999946050812e-05,9.48249989960459e-05
vr/circle_18/Topology,r0,cold,outer,topology_readout,10,0.02167995000127121,0.020978200000172365,0.022636024999883375
vr/circle_18/Topology,r0,cold,process,end_to_end_seconds,10,0.5300156499979494,0.5216972249991159,0.5352818749988728
vr/circle_18/Topology,r0,cold,process,initialization_seconds,10,0.0179241500027274,0.01676532500096073,0.019837800001369033
vr/circle_18/Topology,r0,cold,process,unallocated_seconds,10,0.1378729999960342,0.1310598250001931,0.14277559999845835
vr/circle_18/Topology,r0,warm,outer,conversion_solve_independent_validation_operator_family,10,0.34664224999869475,0.33708540000225184,0.35817902500093624
vr/circle_18/Topology,r0,warm,outer,frontend_manifest_validation,10,0.0006774999983463204,0.0006414000008589937,0.0007012499991105869
vr/circle_18/Topology,r0,warm,outer,output_normalization_hash,10,7.495000136259478e-05,7.310000000870787e-05,7.702499988226919e-05
vr/circle_18/Topology,r0,warm,outer,topology_readout,10,0.02241449999928591,0.020139000000199303,0.02332774999922549
vr/circle_18/Topology,r0,warm,outer,warm_existing_objects_batches_including_first_workspace_preparation,10,0.0043435999996290775,0.0041272500002378365,0.004777675000696036
vr/circle_18/Topology,r0,warm,process,end_to_end_seconds,10,0.5314470499997697,0.5129776750000019,0.5415009499993175
vr/circle_18/Topology,r0,warm,process,initialization_seconds,10,0.01779425000131596,0.017153400001006958,0.01872454999738693
vr/circle_18/Topology,reference,cold,outer,conversion_solve_independent_validation_operator_family,10,0.3447019499999442,0.33779730000060226,0.36030687499987835
vr/circle_18/Topology,reference,cold,outer,frontend_manifest_validation,10,0.0007350499981839675,0.000690599998961261,0.0007608250007251627
vr/circle_18/Topology,reference,cold,outer,output_normalization_hash,10,8.51500008138828e-05,7.800000093993731e-05,9.399999817105709e-05
vr/circle_18/Topology,reference,cold,outer,topology_readout,10,0.0017766500004654517,0.0016172750010809978,0.0019354749992999132
vr/circle_18/Topology,reference,cold,process,end_to_end_seconds,10,0.5053322000003391,0.49406045000068843,0.5220732750012758
vr/circle_18/Topology,reference,cold,process,initialization_seconds,10,0.018726100001003942,0.01813769999989745,0.019651025000712252
vr/circle_18/Topology,reference,cold,process,unallocated_seconds,10,0.1378055500008486,0.13235250000252563,0.1444251249977242
vr/circle_18/Topology,reference,warm,outer,conversion_solve_independent_validation_operator_family,10,0.343448299998272,0.3403184250000777,0.35773682499984716
vr/circle_18/Topology,reference,warm,outer,frontend_manifest_validation,10,0.0006849500005046139,0.0006513250009447802,0.0007243499994729063
vr/circle_18/Topology,reference,warm,outer,output_normalization_hash,10,7.184999958553817e-05,6.849999863334233e-05,7.937500049592927e-05
vr/circle_18/Topology,reference,warm,outer,topology_readout,10,0.0017827499996201368,0.0016915500000322936,0.001900375000332133
vr/circle_18/Topology,reference,warm,outer,warm_existing_objects_batches_including_first_workspace_preparation,10,0.001691650000793743,0.0016646999993099598,0.0019175999987055548
vr/circle_18/Topology,reference,warm,process,end_to_end_seconds,10,0.5062748999989708,0.49793324999882316,0.5122972250001112
vr/circle_18/Topology,reference,warm,process,initialization_seconds,10,0.018131749999156455,0.017632324999794946,0.018675750001420965
vr/circle_18/Topology,rips_persistence,cold,outer,explicit_frontend_ph_and_input_audit,10,0.5952438500007702,0.5897722499994416,0.6394895999983419
vr/circle_18/Topology,rips_persistence,cold,outer,frontend_manifest_validation,10,0.0006730000004608883,0.0006470499993156409,0.0007053499975882005
vr/circle_18/Topology,rips_persistence,cold,outer,output_normalization_hash,10,2.570000106061343e-05,2.482499894540524e-05,2.6724998861027416e-05
vr/circle_18/Topology,rips_persistence,cold,outer,topology_readout,10,2.9000002541579306e-06,2.724998921621591e-06,2.974998096760828e-06
vr/circle_18/Topology,rips_persistence,cold,process,end_to_end_seconds,10,0.8037264000013238,0.7932278500002212,0.8565248749982857
vr/circle_18/Topology,rips_persistence,cold,process,initialization_seconds,10,0.0040466999998898245,0.0039056250016074046,0.00421042500056501
vr/circle_18/Topology,rips_persistence,cold,process,unallocated_seconds,10,0.20107765000102518,0.19816154999898572,0.209862575004081
weight/ExactRational,gudhi,cold,outer,explicit_frontend_ph_and_input_audit,10,0.06648150000000896,0.06442999999944732,0.06938092500149651
weight/ExactRational,gudhi,cold,outer,frontend_manifest_validation,10,0.0005295999981171917,0.0005020000007789349,0.0005507749938260531
weight/ExactRational,gudhi,cold,outer,output_normalization_hash,10,6.114999996498227e-05,5.8124996940023266e-05,6.447499981732108e-05
weight/ExactRational,gudhi,cold,outer,topology_readout,10,1.1099999028374441e-05,1.0650000149325933e-05,1.1674997040245216e-05
weight/ExactRational,gudhi,cold,process,end_to_end_seconds,10,0.21318299999984447,0.2051367250005569,0.22032335000039893
weight/ExactRational,gudhi,cold,process,initialization_seconds,10,0.004257550001057098,0.003976500001044769,0.004387625000163098
weight/ExactRational,gudhi,cold,process,unallocated_seconds,10,0.13945635000163747,0.13722564999898168,0.1457429750034862
weight/ExactRational,gudhi,warm,outer,explicit_frontend_ph_and_input_audit,10,0.06817215000046417,0.062291225000080885,0.07212592499945458
weight/ExactRational,gudhi,warm,outer,frontend_manifest_validation,10,0.0002135499998985324,0.00019949999932578066,0.00021962499977234984
weight/ExactRational,gudhi,warm,outer,output_normalization_hash,10,1.0100000508828089e-05,9.750000572239514e-06,1.0274999112880323e-05
weight/ExactRational,gudhi,warm,outer,topology_readout,10,5.359999886422884e-05,5.2949998462281656e-05,5.4674999773851596e-05
weight/ExactRational,gudhi,warm,outer,warm_existing_objects_batches_including_first_workspace_preparation,10,0.00024174999998649582,0.00022765000176150352,0.0002508000006855582
weight/ExactRational,gudhi,warm,process,end_to_end_seconds,10,0.21361000000069907,0.2038597499995376,0.22907839999879798
weight/ExactRational,gudhi,warm,process,initialization_seconds,10,0.00426300000071933,0.0042102750012418255,0.004408125001646113
weight/ExactRational,integrated,cold,nested/H0,barcode_transport_certificates,10,0.012227750004967675,0.011493749997498526,0.013636650002808892
weight/ExactRational,integrated,cold,nested/H0,class_tracking,10,0.09995550000348885,0.0976756000018213,0.10146377499859227
weight/ExactRational,integrated,cold,nested/H0,family_validation,10,0.002028900004006573,0.0019521500025803107,0.002215275001617556
weight/ExactRational,integrated,cold,nested/H0,geometry_first_including_preparation,10,0.010314149998521316,0.009511175003353856,0.011130050002066127
weight/ExactRational,integrated,cold,nested/H0,geometry_second,10,0.012255349995029974,0.012151774999438203,0.012698300000010931
weight/ExactRational,integrated,cold,nested/H0,input_conversion,10,0.0008230999974330189,0.0007807249976394814,0.0009402249979757471
weight/ExactRational,integrated,cold,nested/H0,operator_mandatory_validation,10,0.009965850002117804,0.009156149997579632,0.01036952499907784
weight/ExactRational,integrated,cold,nested/H0,restore_geometry_audit,10,0.013069449998511118,0.01257087500198395,0.014447150000705733
weight/ExactRational,integrated,cold,nested/H0,restore_mandatory_validation,10,0.354483999999502,0.34413195000252017,0.3649893500032704
weight/ExactRational,integrated,cold,nested/H0,semantic_digest,10,0.002381749996857252,0.002201725001214072,0.002521700002034777
weight/ExactRational,integrated,cold,nested/H0,snapshot_serialization_mandatory_validation,10,0.3017550999957166,0.29834392500015383,0.3198507749948476
weight/ExactRational,integrated,cold,nested/H0,solve_dispatch_mandatory_validation,10,0.017757999999957974,0.017172024997307744,0.02003647500259831
weight/ExactRational,integrated,cold,nested/H0,streamed_full_chain_restore_audit,10,0.0016650999987177784,0.0015589249996992294,0.0018526750009186799
weight/ExactRational,integrated,cold,nested/H0,topology,10,0.0011939500000153203,0.001077899996744236,0.0012423499956639716
weight/ExactRational,integrated,cold,nested/H1,barcode_transport_certificates,10,0.008146050004143035,0.007843699999284581,0.009124900003371295
weight/ExactRational,integrated,cold,nested/H1,class_tracking,10,0.0982752999971126,0.09572757499790896,0.10197004999645287
weight/ExactRational,integrated,cold,nested/H1,family_validation,10,0.0019419499985815492,0.0018154999997932464,0.002094099996611476
weight/ExactRational,integrated,cold,nested/H1,geometry_first_including_preparation,10,0.00918160000219359,0.008387574999687786,0.009998474996791629
weight/ExactRational,integrated,cold,nested/H1,geometry_second,10,0.010477849999006139,0.010026624998317857,0.011272624997218372
weight/ExactRational,integrated,cold,nested/H1,input_conversion,10,0.001013549999697716,0.0009220749998348765,0.0010321000027033733
weight/ExactRational,integrated,cold,nested/H1,operator_mandatory_validation,10,0.008815650000542519,0.008569475000513194,0.008973200002401427
weight/ExactRational,integrated,cold,nested/H1,restore_geometry_audit,10,0.011129100001198822,0.010305650002010225,0.011336874999869906
weight/ExactRational,integrated,cold,nested/H1,restore_mandatory_validation,10,0.24233594999896013,0.23527572499460803,0.24890750000122353
weight/ExactRational,integrated,cold,nested/H1,semantic_digest,10,0.0019440999985818053,0.0018315000024813344,0.002024575001996709
weight/ExactRational,integrated,cold,nested/H1,snapshot_serialization_mandatory_validation,10,0.20433595000213245,0.19810135000170703,0.2143997000021045
weight/ExactRational,integrated,cold,nested/H1,solve_dispatch_mandatory_validation,10,0.014553949999026372,0.013487649996932305,0.015533349999714119
weight/ExactRational,integrated,cold,nested/H1,streamed_full_chain_restore_audit,10,0.0013399500003288267,0.0012869999982285663,0.0014336999956867658
weight/ExactRational,integrated,cold,nested/H1,topology,10,0.000913649999347399,0.0008626000017102342,0.0010266250001222943
weight/ExactRational,integrated,cold,outer,all_requested_topology_readout,10,0.0029437999946821947,0.002813024996612512,0.0031658749976486433
weight/ExactRational,integrated,cold,outer,frontend_manifest_validation,10,0.0006579500004590955,0.0006142250003904337,0.0007571249961983995
weight/ExactRational,integrated,cold,outer,full_topology_additional_validated_construction,10,0.05424894999850949,0.052833824996923795,0.05748409999978321
weight/ExactRational,integrated,cold,outer,joint_complete_pipeline_with_disjoint_nested_phase_records,10,1.4484834500017314,1.4358358499966926,1.5204497250051645
weight/ExactRational,integrated,cold,outer,output_normalization_hash,10,0.00030314999821712263,0.00029637500210810686,0.0003136000013910234
weight/ExactRational,integrated,cold,process,end_to_end_seconds,10,1.674307300001601,1.6486520750004274,1.7456197500005146
weight/ExactRational,integrated,cold,process,initialization_seconds,10,0.0187230500014266,0.017805124999540567,0.01993017500080896
weight/ExactRational,integrated,cold,process,unallocated_seconds,10,0.14296134999858623,0.14003122499980236,0.14603662500030623
weight/ExactRational,integrated,warm,outer,conversion_solve_independent_validation_operator_family,10,0.013614550000056624,0.013436974999422091,0.01456112500090967
weight/ExactRational,integrated,warm,outer,frontend_manifest_validation,10,0.00020804999985557515,0.00019825000163109507,0.00022222499956114916
weight/ExactRational,integrated,warm,outer,output_normalization_hash,10,8.175000039045699e-05,7.790000017848797e-05,8.867499946063617e-05
weight/ExactRational,integrated,warm,outer,topology_readout,10,0.0006277000011323253,0.000602850001087063,0.0006499249993794365
weight/ExactRational,integrated,warm,outer,warm_existing_objects_batches_including_first_workspace_preparation,10,0.22742709999874933,0.223890074999872,0.23582745000021532
weight/ExactRational,integrated,warm,process,end_to_end_seconds,10,0.40246420000039507,0.3906418249998751,0.4184090249991641
weight/ExactRational,integrated,warm,process,initialization_seconds,10,0.02010745000006864,0.018047750000732776,0.020632174999263952
weight/ExactRational,reference,cold,nested/H0,barcode_transport_certificates,10,0.010856700000658748,0.010279624999384396,0.011053000000174507
weight/ExactRational,reference,cold,nested/H0,class_tracking,10,0.09566885000094771,0.09347202500066487,0.10144142500303133
weight/ExactRational,reference,cold,nested/H0,family_validation,10,0.002105249999658554,0.0018973999985973933,0.0021997499989083735
weight/ExactRational,reference,cold,nested/H0,geometry_first_including_preparation,10,0.006395649998012232,0.005856949995177274,0.006674524996924447
weight/ExactRational,reference,cold,nested/H0,geometry_second,10,0.00924825000038254,0.008985025000583846,0.009684975000709528
weight/ExactRational,reference,cold,nested/H0,input_conversion,10,0.00089155000023311,0.0008145500023601926,0.0009243499998774496
weight/ExactRational,reference,cold,nested/H0,operator_mandatory_validation,10,0.008412399998633191,0.007284100000106264,0.009083100001589628
weight/ExactRational,reference,cold,nested/H0,restore_geometry_audit,10,0.009565399999701185,0.008903325000574114,0.010058049999315699
weight/ExactRational,reference,cold,nested/H0,restore_mandatory_validation,10,0.33638315000098373,0.32255487500151503,0.3397113500031992
weight/ExactRational,reference,cold,nested/H0,semantic_digest,10,0.0024317499992321245,0.0023354749946520315,0.0025698999961605296
weight/ExactRational,reference,cold,nested/H0,snapshot_serialization_mandatory_validation,10,0.2908332500010147,0.2850585999949544,0.3008354749972568
weight/ExactRational,reference,cold,nested/H0,solve_dispatch_mandatory_validation,10,0.015745549999337527,0.014519399996970606,0.01622565000252507
weight/ExactRational,reference,cold,nested/H0,streamed_full_chain_restore_audit,10,0.0006805500033806311,0.0006358249984259601,0.0007430000023305183
weight/ExactRational,reference,cold,nested/H0,topology,10,0.00027395000142860226,0.0002491750010449323,0.00031172500075626886
weight/ExactRational,reference,cold,nested/H1,barcode_transport_certificates,10,0.007802250001986977,0.007389525003418385,0.008101000000351632
weight/ExactRational,reference,cold,nested/H1,class_tracking,10,0.09682270000121207,0.09559492499556654,0.0980177250048655
weight/ExactRational,reference,cold,nested/H1,family_validation,10,0.002063149999230518,0.001965524998922774,0.0021085499993205303
weight/ExactRational,reference,cold,nested/H1,geometry_first_including_preparation,10,0.007428600001730956,0.006856875000266882,0.007669325002098049
weight/ExactRational,reference,cold,nested/H1,geometry_second,10,0.009898999996948987,0.009558800003105716,0.010258099995553493
weight/ExactRational,reference,cold,nested/H1,input_conversion,10,0.0009328499963885406,0.0008631500040792162,0.0009508000030109542
weight/ExactRational,reference,cold,nested/H1,operator_mandatory_validation,10,0.007503750000978471,0.007268600002134917,0.007941924999613548
weight/ExactRational,reference,cold,nested/H1,restore_geometry_audit,10,0.009755849996508914,0.009437550006623496,0.010093750000123691
weight/ExactRational,reference,cold,nested/H1,restore_mandatory_validation,10,0.224490100003095,0.2197115250000934,0.23028529999828606
weight/ExactRational,reference,cold,nested/H1,semantic_digest,10,0.0020284000001993263,0.0019012249977095053,0.0021885000032852986
weight/ExactRational,reference,cold,nested/H1,snapshot_serialization_mandatory_validation,10,0.19562369999948714,0.1911417499941308,0.2028349999945931
weight/ExactRational,reference,cold,nested/H1,solve_dispatch_mandatory_validation,10,0.013470400006553973,0.011961949994656607,0.013758125001004373
weight/ExactRational,reference,cold,nested/H1,streamed_full_chain_restore_audit,10,0.0004889999981969595,0.0004675250011132448,0.0005163999994692858
weight/ExactRational,reference,cold,nested/H1,topology,10,0.00021389999892562628,0.000200925000171992,0.0002300749974892824
weight/ExactRational,reference,cold,outer,all_requested_topology_readout,10,0.0020495499975368148,0.0018543500027590198,0.002107299997987866
weight/ExactRational,reference,cold,outer,frontend_manifest_validation,10,0.0007131500005925773,0.0007034499994915677,0.0007460249989890144
weight/ExactRational,reference,cold,outer,full_topology_additional_validated_construction,10,0.048949400003039045,0.04791595000187954,0.049903175003237266
weight/ExactRational,reference,cold,outer,joint_complete_pipeline_with_disjoint_nested_phase_records,10,1.3728534999954718,1.3499342500008424,1.3938276250000854
weight/ExactRational,reference,cold,outer,output_normalization_hash,10,0.00030234999940148555,0.0002834250017258455,0.000323050002407399
weight/ExactRational,reference,cold,process,end_to_end_seconds,10,1.5865960999999515,1.5659030750002785,1.6370440500004406
weight/ExactRational,reference,cold,process,initialization_seconds,10,0.01942494999821065,0.01894597499995143,0.021064750001642096
weight/ExactRational,reference,cold,process,unallocated_seconds,10,0.14055184999779158,0.13516537500072445,0.148210025003209
weight/ExactRational,reference,warm,outer,conversion_solve_independent_validation_operator_family,10,0.012510349999502068,0.011659724999844912,0.013102524998430454
weight/ExactRational,reference,warm,outer,frontend_manifest_validation,10,0.00021610000112559646,0.00019954999970650533,0.00023862499892857159
weight/ExactRational,reference,warm,outer,output_normalization_hash,10,8.710000111022964e-05,7.854999967094045e-05,0.00010180000026593916
weight/ExactRational,reference,warm,outer,topology_readout,10,0.0004680500005633803,0.0004251749996910803,0.0004966499982401729
weight/ExactRational,reference,warm,outer,warm_existing_objects_batches_including_first_workspace_preparation,10,0.224126150000302,0.20917789999930392,0.2281985750005333
weight/ExactRational,reference,warm,process,end_to_end_seconds,10,0.399473150000631,0.37268939999921713,0.41497767500186455
weight/ExactRational,reference,warm,process,initialization_seconds,10,0.02085810000062338,0.019087325001237332,0.021207924998634553
weight/FloatingPoint,gudhi,cold,outer,explicit_frontend_ph_and_input_audit,10,0.0681652999992366,0.06496942499688885,0.06843500000104541
weight/FloatingPoint,gudhi,cold,outer,frontend_manifest_validation,10,0.0004848000044148648,0.0004483250013436191,0.0005030000011174707
weight/FloatingPoint,gudhi,cold,outer,output_normalization_hash,10,6.385000051523093e-05,6.210000265127746e-05,7.29000039427774e-05
weight/FloatingPoint,gudhi,cold,outer,topology_readout,10,1.0949997886200435e-05,1.0625002687447704e-05,1.1999999514955562e-05
weight/FloatingPoint,gudhi,cold,process,end_to_end_seconds,10,0.2148746500006382,0.20885147499939194,0.22135647499908373
weight/FloatingPoint,gudhi,cold,process,initialization_seconds,10,0.0041776999987632735,0.003947500001231674,0.004402600000503298
weight/FloatingPoint,gudhi,cold,process,unallocated_seconds,10,0.14192115000150807,0.13901979999809555,0.14718677499695332
weight/FloatingPoint,gudhi,warm,outer,explicit_frontend_ph_and_input_audit,10,0.06559285000003001,0.0626729499999783,0.07193194999945263
weight/FloatingPoint,gudhi,warm,outer,frontend_manifest_validation,10,0.00017720000141707715,0.00016825000147946412,0.0001869749994511949
weight/FloatingPoint,gudhi,warm,outer,output_normalization_hash,10,1.0100000508828089e-05,9.849998605204746e-06,1.1050000466639176e-05
weight/FloatingPoint,gudhi,warm,outer,topology_readout,10,5.2800000048591755e-05,5.109999983687885e-05,5.5825000345066655e-05
weight/FloatingPoint,gudhi,warm,outer,warm_existing_objects_batches_including_first_workspace_preparation,10,0.0002439500003674766,0.000225349998800084,0.00026094999884662684
weight/FloatingPoint,gudhi,warm,process,end_to_end_seconds,10,0.21639075000166486,0.20993692499905592,0.23250344999814843
weight/FloatingPoint,gudhi,warm,process,initialization_seconds,10,0.004610500000126194,0.004287299999305105,0.005481949999193603
weight/FloatingPoint,integrated,cold,nested/H0,barcode_transport_certificates,10,0.012600000000020373,0.011870974998601014,0.013139999996383267
weight/FloatingPoint,integrated,cold,nested/H0,class_tracking,10,0.10260119999838935,0.09949729999971169,0.10609869999825605
weight/FloatingPoint,integrated,cold,nested/H0,family_validation,10,0.002133099998900434,0.001909075000185112,0.0022123499993540463
weight/FloatingPoint,integrated,cold,nested/H0,geometry_first_including_preparation,10,0.010273900001266156,0.009931024997058557,0.010806450000927725
weight/FloatingPoint,integrated,cold,nested/H0,geometry_second,10,0.012355200002275524,0.012205224998069752,0.01290170000447688
weight/FloatingPoint,integrated,cold,nested/H0,input_conversion,10,0.0007429500037687831,0.0007299750031961594,0.0007915750038591796
weight/FloatingPoint,integrated,cold,nested/H0,operator_mandatory_validation,10,0.010644899999533664,0.009701250005491602,0.011112449999018281
weight/FloatingPoint,integrated,cold,nested/H0,restore_geometry_audit,10,0.01342550000117626,0.012320450000515848,0.014652049998403527
weight/FloatingPoint,integrated,cold,nested/H0,restore_mandatory_validation,10,0.34997494999697665,0.34546592500282713,0.35602237499733747
weight/FloatingPoint,integrated,cold,nested/H0,semantic_digest,10,0.002749649995166692,0.002489125001375214,0.002908825005761173
weight/FloatingPoint,integrated,cold,nested/H0,snapshot_serialization_mandatory_validation,10,0.30286715000147524,0.29932969999845227,0.30557797500296147
weight/FloatingPoint,integrated,cold,nested/H0,solve_dispatch_mandatory_validation,10,0.017829650003477582,0.01750637500117591,0.020790049996321613
weight/FloatingPoint,integrated,cold,nested/H0,streamed_full_chain_restore_audit,10,0.0016834999987622723,0.0016227749974859762,0.0021076500042909174
weight/FloatingPoint,integrated,cold,nested/H0,topology,10,0.0012709000002359971,0.001117474999773549,0.001330599995526427
weight/FloatingPoint,integrated,cold,nested/H1,barcode_transport_certificates,10,0.008954350001658895,0.008421450002970232,0.009452999999666645
weight/FloatingPoint,integrated,cold,nested/H1,class_tracking,10,0.09978855000372278,0.09665884999958507,0.10190130000137287
weight/FloatingPoint,integrated,cold,nested/H1,family_validation,10,0.0019222499977331609,0.0019073749990639044,0.002014550004787452
weight/FloatingPoint,integrated,cold,nested/H1,geometry_first_including_preparation,10,0.009335599999758415,0.009089375004805333,0.009558999999171647
weight/FloatingPoint,integrated,cold,nested/H1,geometry_second,10,0.010750049999842304,0.010248224996757926,0.011367975000212027
weight/FloatingPoint,integrated,cold,nested/H1,input_conversion,10,0.0009280499998567393,0.0008566499982407549,0.0009518749966446194
weight/FloatingPoint,integrated,cold,nested/H1,operator_mandatory_validation,10,0.008721050002350239,0.008533124999303254,0.008998600002996682
weight/FloatingPoint,integrated,cold,nested/H1,restore_geometry_audit,10,0.011057050000090385,0.010766675000922987,0.01136972499807598
weight/FloatingPoint,integrated,cold,nested/H1,restore_mandatory_validation,10,0.24120940000284463,0.23640959999920597,0.24793609999960609
weight/FloatingPoint,integrated,cold,nested/H1,semantic_digest,10,0.002014749999943888,0.0019288999992568279,0.0021566000004895614
weight/FloatingPoint,integrated,cold,nested/H1,snapshot_serialization_mandatory_validation,10,0.208689900002355,0.20732042500094394,0.21171550000326533
weight/FloatingPoint,integrated,cold,nested/H1,solve_dispatch_mandatory_validation,10,0.014017000001331326,0.013566124999670137,0.015094425004463119
weight/FloatingPoint,integrated,cold,nested/H1,streamed_full_chain_restore_audit,10,0.0014346999996632803,0.0013521000000764616,0.0015676749990234384
weight/FloatingPoint,integrated,cold,nested/H1,topology,10,0.0009277000008296454,0.0008990750038719852,0.000968500003182271
weight/FloatingPoint,integrated,cold,outer,all_requested_topology_readout,10,0.0029676000031031435,0.0026684000013119658,0.0036080500021853368
weight/FloatingPoint,integrated,cold,outer,frontend_manifest_validation,10,0.0005425000017567072,0.0005341249961929861,0.0006254499994611251
weight/FloatingPoint,integrated,cold,outer,full_topology_additional_validated_construction,10,0.055712299998049275,0.05384577499626175,0.058380999998917105
weight/FloatingPoint,integrated,cold,outer,joint_complete_pipeline_with_disjoint_nested_phase_records,10,1.4759568500012392,1.4578893250018155,1.486231724998106
weight/FloatingPoint,integrated,cold,outer,output_normalization_hash,10,0.0003108000000793254,0.00028227500024513574,0.0003677749991766177
weight/FloatingPoint,integrated,cold,process,end_to_end_seconds,10,1.697504250001657,1.6814871500000663,1.723683950001032
weight/FloatingPoint,integrated,cold,process,initialization_seconds,10,0.01893114999984391,0.01842079999823909,0.02183580000200891
weight/FloatingPoint,integrated,cold,process,unallocated_seconds,10,0.15001009999650705,0.14026072500200826,0.16024504999404598
weight/FloatingPoint,integrated,warm,outer,conversion_solve_independent_validation_operator_family,10,0.014418400000067777,0.013713274999645364,0.015694649999204557
weight/FloatingPoint,integrated,warm,outer,frontend_manifest_validation,10,0.00017305000073974952,0.00016825000147946412,0.000187874999937776
weight/FloatingPoint,integrated,warm,outer,output_normalization_hash,10,8.474999958707485e-05,7.984999956534011e-05,8.885000079317251e-05
weight/FloatingPoint,integrated,warm,outer,topology_readout,10,0.0006175999988045078,0.0006002999998599989,0.0006780499988963129
weight/FloatingPoint,integrated,warm,outer,warm_existing_objects_batches_including_first_workspace_preparation,10,0.23276445000192325,0.2262188499998956,0.23943675000009534
weight/FloatingPoint,integrated,warm,process,end_to_end_seconds,10,0.41098854999836476,0.3990652750007939,0.4332441750002545
weight/FloatingPoint,integrated,warm,process,initialization_seconds,10,0.020952399998350302,0.01830292499926145,0.02148932499858347
weight/FloatingPoint,reference,cold,nested/H0,barcode_transport_certificates,10,0.014690799996969872,0.013664200002494908,0.01497747499615798
weight/FloatingPoint,reference,cold,nested/H0,class_tracking,10,0.09374279999974533,0.09307139999600622,0.09492142500130285
weight/FloatingPoint,reference,cold,nested/H0,family_validation,10,0.001870150001195725,0.0018578750032247626,0.0021033999992141617
weight/FloatingPoint,reference,cold,nested/H0,geometry_first_including_preparation,10,0.005876699999134871,0.005648149998705776,0.00625434999983554
weight/FloatingPoint,reference,cold,nested/H0,geometry_second,10,0.008634350000647828,0.008079675000772113,0.009097125001972017
weight/FloatingPoint,reference,cold,nested/H0,input_conversion,10,0.0007793500008119736,0.0007493249995604856,0.0009150000023510074
weight/FloatingPoint,reference,cold,nested/H0,operator_mandatory_validation,10,0.008122849996652803,0.007397675001811876,0.00818319999598316
weight/FloatingPoint,reference,cold,nested/H0,restore_geometry_audit,10,0.008910750000723056,0.008673674999954528,0.009219950000442623
weight/FloatingPoint,reference,cold,nested/H0,restore_mandatory_validation,10,0.3185113499985164,0.30910729999959585,0.3236608499955764
weight/FloatingPoint,reference,cold,nested/H0,semantic_digest,10,0.0025185499998769956,0.0023868499956734013,0.0025823249970926554
weight/FloatingPoint,reference,cold,nested/H0,snapshot_serialization_mandatory_validation,10,0.2798652499968739,0.27784270000483957,0.2849792750012057
weight/FloatingPoint,reference,cold,nested/H0,solve_dispatch_mandatory_validation,10,0.01580255000408215,0.01428267500068614,0.01632337500268477
weight/FloatingPoint,reference,cold,nested/H0,streamed_full_chain_restore_audit,10,0.0006708000000799075,0.0006575250044988934,0.0007265000012921519
weight/FloatingPoint,reference,cold,nested/H0,topology,10,0.0002673999970284058,0.0002597499978946871,0.0002992750014527701
weight/FloatingPoint,reference,cold,nested/H1,barcode_transport_certificates,10,0.007755199998427997,0.0071669250010018,0.008196875000976434
weight/FloatingPoint,reference,cold,nested/H1,class_tracking,10,0.0932975499999884,0.09168935000070633,0.09353929999815591
weight/FloatingPoint,reference,cold,nested/H1,family_validation,10,0.0020115999977861065,0.001875125000879052,0.0020500250002442044
weight/FloatingPoint,reference,cold,nested/H1,geometry_first_including_preparation,10,0.0067427499998302665,0.006517550003081851,0.007069425002555363
weight/FloatingPoint,reference,cold,nested/H1,geometry_second,10,0.00904120000268449,0.008832324998365948,0.009295474998907594
weight/FloatingPoint,reference,cold,nested/H1,input_conversion,10,0.0009079999999812571,0.0008272750001196982,0.0009390249997522915
weight/FloatingPoint,reference,cold,nested/H1,operator_mandatory_validation,10,0.0066856499997811625,0.006440349998229067,0.007176324999818462
weight/FloatingPoint,reference,cold,nested/H1,restore_geometry_audit,10,0.009238200000254437,0.00888405000387138,0.009483324999564502
weight/FloatingPoint,reference,cold,nested/H1,restore_mandatory_validation,10,0.21545934999812744,0.20865804999903048,0.2230334500045501
weight/FloatingPoint,reference,cold,nested/H1,semantic_digest,10,0.0018665000025066547,0.0018307249983990914,0.0019446250016699196
weight/FloatingPoint,reference,cold,nested/H1,snapshot_serialization_mandatory_validation,10,0.18645939999805705,0.18143925000185845,0.19238967499950377
weight/FloatingPoint,reference,cold,nested/H1,solve_dispatch_mandatory_validation,10,0.012216900002385955,0.01188617499974498,0.012601024996001797
weight/FloatingPoint,reference,cold,nested/H1,streamed_full_chain_restore_audit,10,0.00045384999975794926,0.0004437750012584729,0.0004700249946836266
weight/FloatingPoint,reference,cold,nested/H1,topology,10,0.00019699999938893598,0.00019475000135571463,0.0002083000044876826
weight/FloatingPoint,reference,cold,outer,all_requested_topology_readout,10,0.001986149996810127,0.0018396250043224427,0.0024103999940052745
weight/FloatingPoint,reference,cold,outer,frontend_manifest_validation,10,0.0005818499976157909,0.0005676249975294922,0.0006288749964369345
weight/FloatingPoint,reference,cold,outer,full_topology_additional_validated_construction,10,0.047783100000742706,0.0466871499984336,0.050079949997780204
weight/FloatingPoint,reference,cold,outer,joint_complete_pipeline_with_disjoint_nested_phase_records,10,1.3262617999989743,1.297706249998555,1.340309125004751
weight/FloatingPoint,reference,cold,outer,output_normalization_hash,10,0.00031120000494411215,0.0002780250015348429,0.00035310000293975463
weight/FloatingPoint,reference,cold,process,end_to_end_seconds,10,1.5422591000024113,1.5003212250003344,1.5511195000017324
weight/FloatingPoint,reference,cold,process,initialization_seconds,10,0.019818450000457233,0.01889062499958527,0.021305899998878886
weight/FloatingPoint,reference,cold,process,unallocated_seconds,10,0.14202065000426956,0.13422575000458892,0.14671225000165578
weight/FloatingPoint,reference,warm,outer,conversion_solve_independent_validation_operator_family,10,0.011659649997454835,0.010455399999955262,0.012377325001580175
weight/FloatingPoint,reference,warm,outer,frontend_manifest_validation,10,0.00017995000052906107,0.00016932500238908688,0.000191774999620975
weight/FloatingPoint,reference,warm,outer,output_normalization_hash,10,7.919999916339293e-05,7.224999808386201e-05,8.802499905868899e-05
weight/FloatingPoint,reference,warm,outer,topology_readout,10,0.0004595000009430805,0.0004351249999672291,0.0005191500004002592
weight/FloatingPoint,reference,warm,outer,warm_existing_objects_batches_including_first_workspace_preparation,10,0.213738899999953,0.2073831749985402,0.2190744250019634
weight/FloatingPoint,reference,warm,process,end_to_end_seconds,10,0.3792257499990228,0.37328872499983845,0.3914363999974739
weight/FloatingPoint,reference,warm,process,initialization_seconds,10,0.019097899998087087,0.018711275001805916,0.019779199998993136
weight/bigint,gudhi,cold,outer,explicit_frontend_ph_and_input_audit,10,0.07226375000027474,0.06704297499891254,0.07456372500291764
weight/bigint,gudhi,cold,outer,frontend_manifest_validation,10,0.00045170000339567196,0.0004277750003893743,0.0004750499974761624
weight/bigint,gudhi,cold,outer,output_normalization_hash,10,6.459999895014334e-05,6.244999985938193e-05,6.804999975429382e-05
weight/bigint,gudhi,cold,outer,topology_readout,10,1.1899997844011523e-05,1.0849996215256397e-05,1.2450001122488175e-05
weight/bigint,gudhi,cold,process,end_to_end_seconds,10,0.2263805999991746,0.21712257499984844,0.23305072499897506
weight/bigint,gudhi,cold,process,initialization_seconds,10,0.0047431000020878855,0.004471825000109675,0.005003025000405614
weight/bigint,gudhi,cold,process,unallocated_seconds,10,0.14838794999923266,0.14687682499697985,0.15479607499855774
weight/bigint,gudhi,warm,outer,explicit_frontend_ph_and_input_audit,10,0.06491879999884986,0.05828002500038565,0.07259427499957383
weight/bigint,gudhi,warm,outer,frontend_manifest_validation,10,0.0001648500001465436,0.00015999999868654413,0.000187724998795602
weight/bigint,gudhi,warm,outer,output_normalization_hash,10,1.0550000297371298e-05,9.275001502828673e-06,1.2149999747634865e-05
weight/bigint,gudhi,warm,outer,topology_readout,10,5.48999996681232e-05,4.99500019941479e-05,5.8024999816552736e-05
weight/bigint,gudhi,warm,outer,warm_existing_objects_batches_including_first_workspace_preparation,10,0.00025550000100338366,0.0002250500001537148,0.00034462500025256304
weight/bigint,gudhi,warm,process,end_to_end_seconds,10,0.21093915000164998,0.1999630000000252,0.24246434999804478
weight/bigint,gudhi,warm,process,initialization_seconds,10,0.004349900000306661,0.003677800000332354,0.005023074997552612
weight/bigint,integrated,cold,nested/H0,barcode_transport_certificates,10,0.01199340000130178,0.01151579999805108,0.012691049999375537
weight/bigint,integrated,cold,nested/H0,class_tracking,10,0.1007746000032057,0.09777549999853363,0.10216660000423872
weight/bigint,integrated,cold,nested/H0,family_validation,10,0.001925749998918036,0.0018317750000278465,0.002092274999995425
weight/bigint,integrated,cold,nested/H0,geometry_first_including_preparation,10,0.010259800001222175,0.009686625000540516,0.010496750003767374
weight/bigint,integrated,cold,nested/H0,geometry_second,10,0.012673049997829366,0.012289375000364089,0.012988650000806956
weight/bigint,integrated,cold,nested/H0,input_conversion,10,0.0007537500005128095,0.0007237500003611785,0.0008302000014737132
weight/bigint,integrated,cold,nested/H0,operator_mandatory_validation,10,0.009745749999638065,0.009080325003196776,0.010309125003004738
weight/bigint,integrated,cold,nested/H0,restore_geometry_audit,10,0.012810349999199389,0.012624725002751802,0.012910375004139496
weight/bigint,integrated,cold,nested/H0,restore_mandatory_validation,10,0.3377771000032226,0.3306496999957744,0.362820274996011
weight/bigint,integrated,cold,nested/H0,semantic_digest,10,0.0023336999965977157,0.0022206250005183392,0.0026607499976307736
weight/bigint,integrated,cold,nested/H0,snapshot_serialization_mandatory_validation,10,0.2950663000010536,0.28671194999606087,0.30182002499986993
weight/bigint,integrated,cold,nested/H0,solve_dispatch_mandatory_validation,10,0.01720749999731197,0.01611147500170773,0.018188699999882374
weight/bigint,integrated,cold,nested/H0,streamed_full_chain_restore_audit,10,0.001628050000363146,0.0015470749967789743,0.0019127749974359176
weight/bigint,integrated,cold,nested/H0,topology,10,0.0011411499945097603,0.0010711500017350772,0.0012875499960500747
weight/bigint,integrated,cold,nested/H1,barcode_transport_certificates,10,0.008122800001729047,0.007869774998653156,0.008776524997301749
weight/bigint,integrated,cold,nested/H1,class_tracking,10,0.09959349999735423,0.0961494249968382,0.10407494999708433
weight/bigint,integrated,cold,nested/H1,family_validation,10,0.002157749999241787,0.0017822999961936148,0.0024979000017992803
weight/bigint,integrated,cold,nested/H1,geometry_first_including_preparation,10,0.008149150004101102,0.007933275003779272,0.008536474999345955
weight/bigint,integrated,cold,nested/H1,geometry_second,10,0.009774950001883553,0.009625275000871625,0.010722550001446507
weight/bigint,integrated,cold,nested/H1,input_conversion,10,0.0008742500012886012,0.0008058249995883671,0.000974000004134723
weight/bigint,integrated,cold,nested/H1,operator_mandatory_validation,10,0.008788649996859021,0.00820770000336779,0.009624349997466197
weight/bigint,integrated,cold,nested/H1,restore_geometry_audit,10,0.011303400000542752,0.010843700002624246,0.011543325000275217
weight/bigint,integrated,cold,nested/H1,restore_mandatory_validation,10,0.23544209999818122,0.23141562499949941,0.243604400001459
weight/bigint,integrated,cold,nested/H1,semantic_digest,10,0.0019495499964250484,0.0018282750015714555,0.002170074998502969
weight/bigint,integrated,cold,nested/H1,snapshot_serialization_mandatory_validation,10,0.21174955000242335,0.2048004750022301,0.21323804999974527
weight/bigint,integrated,cold,nested/H1,solve_dispatch_mandatory_validation,10,0.013674050000190618,0.012977199996385025,0.01477104999776202
weight/bigint,integrated,cold,nested/H1,streamed_full_chain_restore_audit,10,0.001398700000208919,0.0013113749992044177,0.001654250002502522
weight/bigint,integrated,cold,nested/H1,topology,10,0.0009870500016404549,0.0008387499983655289,0.0011436999993748032
weight/bigint,integrated,cold,outer,all_requested_topology_readout,10,0.0029046500039839884,0.0026369749975856394,0.003006474998073827
weight/bigint,integrated,cold,outer,frontend_manifest_validation,10,0.0005783500037068734,0.0004893000004813075,0.0006019250004101195
weight/bigint,integrated,cold,outer,full_topology_additional_validated_construction,10,0.05484405000242987,0.05280467499869701,0.05812272500315885
weight/bigint,integrated,cold,outer,joint_complete_pipeline_with_disjoint_nested_phase_records,10,1.4481220500019845,1.4094762500008073,1.485095299999557
weight/bigint,integrated,cold,outer,output_normalization_hash,10,0.0003129499964416027,0.00028789999851142056,0.0003166999913446489
weight/bigint,integrated,cold,process,end_to_end_seconds,10,1.6654475499999535,1.6234983249987636,1.7233889749986702
weight/bigint,integrated,cold,process,initialization_seconds,10,0.01887065000119037,0.018263049998495262,0.02058517500063317
weight/bigint,integrated,cold,process,unallocated_seconds,10,0.14370874999622174,0.1403206000013597,0.1460988750013712
weight/bigint,integrated,warm,outer,conversion_solve_independent_validation_operator_family,10,0.0143440499996359,0.013309750002008514,0.015207699998427415
weight/bigint,integrated,warm,outer,frontend_manifest_validation,10,0.0001874999998108251,0.0001658750006754417,0.00019467499805614352
weight/bigint,integrated,warm,outer,output_normalization_hash,10,7.759999971312936e-05,7.287500011443626e-05,8.347499988303753e-05
weight/bigint,integrated,warm,outer,topology_readout,10,0.0006228000002010958,0.0005956999993941281,0.0006425500005207141
weight/bigint,integrated,warm,outer,warm_existing_objects_batches_including_first_workspace_preparation,10,0.23246080000171787,0.22390815000017028,0.24725724999916565
weight/bigint,integrated,warm,process,end_to_end_seconds,10,0.4138452999995934,0.39083777500036376,0.4287625500019203
weight/bigint,integrated,warm,process,initialization_seconds,10,0.019265599999926053,0.018451124999046442,0.020323825000559737
weight/bigint,reference,cold,nested/H0,barcode_transport_certificates,10,0.015550200001598569,0.014320675004455552,0.016319174998898234
weight/bigint,reference,cold,nested/H0,class_tracking,10,0.09724259999893548,0.0956153000033737,0.09930789999452827
weight/bigint,reference,cold,nested/H0,family_validation,10,0.002155000003767782,0.0020863000072495197,0.0023911249982120353
weight/bigint,reference,cold,nested/H0,geometry_first_including_preparation,10,0.006324750003841473,0.005700024996258435,0.0066587749952304875
weight/bigint,reference,cold,nested/H0,geometry_second,10,0.008286050002425327,0.00792687499870226,0.009280475001105515
weight/bigint,reference,cold,nested/H0,input_conversion,10,0.0008100499981082976,0.0007560750027550966,0.0008430749958279193
weight/bigint,reference,cold,nested/H0,operator_mandatory_validation,10,0.008265899999969406,0.007735324998066062,0.008585075000155484
weight/bigint,reference,cold,nested/H0,restore_geometry_audit,10,0.008880249997673673,0.008151850000103877,0.009128649997364846
weight/bigint,reference,cold,nested/H0,restore_mandatory_validation,10,0.32210015000237036,0.3167944750002789,0.3418514749973838
weight/bigint,reference,cold,nested/H0,semantic_digest,10,0.002498999998351792,0.002239600001303188,0.002782049995403213
weight/bigint,reference,cold,nested/H0,snapshot_serialization_mandatory_validation,10,0.28220149999833666,0.2747568999966461,0.2997512000047209
weight/bigint,reference,cold,nested/H0,solve_dispatch_mandatory_validation,10,0.01507590000073833,0.014334600001348008,0.01686942499873112
weight/bigint,reference,cold,nested/H0,streamed_full_chain_restore_audit,10,0.0006794000018999213,0.0006245250033316552,0.0007528250043833395
weight/bigint,reference,cold,nested/H0,topology,10,0.00029394999728538096,0.0002753749986368348,0.0003081499971813173
weight/bigint,reference,cold,nested/H1,barcode_transport_certificates,10,0.007525399998485227,0.007144199995309464,0.00866172500536777
weight/bigint,reference,cold,nested/H1,class_tracking,10,0.09515310000278987,0.09108147500592167,0.09891984999740089
weight/bigint,reference,cold,nested/H1,family_validation,10,0.002106499998262734,0.0018275250022270484,0.002195524996750464
weight/bigint,reference,cold,nested/H1,geometry_first_including_preparation,10,0.007266050002726843,0.006508475004011416,0.00810559999627003
weight/bigint,reference,cold,nested/H1,geometry_second,10,0.00935465000293334,0.009010450005916937,0.010767774996566004
weight/bigint,reference,cold,nested/H1,input_conversion,10,0.0008243500014941674,0.0008034500042413129,0.001024799998049275
weight/bigint,reference,cold,nested/H1,operator_mandatory_validation,10,0.007346500000494416,0.00666070000261243,0.007746950002911035
weight/bigint,reference,cold,nested/H1,restore_geometry_audit,10,0.009896049999952083,0.009446624999327469,0.010190724999119993
weight/bigint,reference,cold,nested/H1,restore_mandatory_validation,10,0.22114129999863508,0.21618395000223245,0.2263528249995943
weight/bigint,reference,cold,nested/H1,semantic_digest,10,0.0021373999989009462,0.001909624996187631,0.0022027749982953537
weight/bigint,reference,cold,nested/H1,snapshot_serialization_mandatory_validation,10,0.19073494999793184,0.18436182500408904,0.19504880000386038
weight/bigint,reference,cold,nested/H1,solve_dispatch_mandatory_validation,10,0.013176049997127848,0.01132920000145532,0.014520574996822688
weight/bigint,reference,cold,nested/H1,streamed_full_chain_restore_audit,10,0.0005042999982833862,0.0004788750029547373,0.0005756750024374924
weight/bigint,reference,cold,nested/H1,topology,10,0.00021969999943394214,0.00019442499524302548,0.0002294750029250281
weight/bigint,reference,cold,outer,all_requested_topology_readout,10,0.002228350000223145,0.0018472999972800608,0.0023657499959881534
weight/bigint,reference,cold,outer,frontend_manifest_validation,10,0.0005598499974439619,0.0005196750025788788,0.0007586999990962795
weight/bigint,reference,cold,outer,full_topology_additional_validated_construction,10,0.04997125000045344,0.047936700005266175,0.05077972500203032
weight/bigint,reference,cold,outer,joint_complete_pipeline_with_disjoint_nested_phase_records,10,1.3458797500006767,1.3055700749973767,1.417928100001518
weight/bigint,reference,cold,outer,output_normalization_hash,10,0.0003240999994886806,0.0002770999963104259,0.00034905000029539224
weight/bigint,reference,cold,process,end_to_end_seconds,10,1.548923049998848,1.5156515749977189,1.635983699999997
weight/bigint,reference,cold,process,initialization_seconds,10,0.018849199999749544,0.017673274999651767,0.021281849998558755
weight/bigint,reference,cold,process,unallocated_seconds,10,0.13863995000065188,0.13354090000302676,0.1461915250029051
weight/bigint,reference,warm,outer,conversion_solve_independent_validation_operator_family,10,0.011928150001040194,0.010776700001770223,0.012481750000006286
weight/bigint,reference,warm,outer,frontend_manifest_validation,10,0.00017364999803248793,0.00016090000190160936,0.00018422499852022156
weight/bigint,reference,warm,outer,output_normalization_hash,10,8.209999941755086e-05,7.984999956534011e-05,8.792500011622906e-05
weight/bigint,reference,warm,outer,topology_readout,10,0.0004954499981977278,0.000465099999019003,0.0005504250002559274
weight/bigint,reference,warm,outer,warm_existing_objects_batches_including_first_workspace_preparation,10,0.2087656000021525,0.20547532500222587,0.21378667499993753
weight/bigint,reference,warm,process,end_to_end_seconds,10,0.3757064499986882,0.36994632499954605,0.3816765499977919
weight/bigint,reference,warm,process,initialization_seconds,10,0.01821064999967348,0.017573224999978265,0.018995600000380364
